[0.103s] DEBUG:colcon:Command line arguments: ['/usr/bin/colcon', 'build']
[0.103s] DEBUG:colcon:Parsed command line arguments: Namespace(log_base=None, log_level=None, verb_name='build', build_base='build', install_base='install', merge_install=False, symlink_install=False, test_result_base=None, continue_on_error=False, executor='parallel', parallel_workers=6, event_handlers=None, ignore_user_meta=False, metas=['./colcon.meta'], base_paths=['.'], packages_ignore=None, packages_ignore_regex=None, paths=None, packages_up_to=None, packages_up_to_regex=None, packages_above=None, packages_above_and_dependencies=None, packages_above_depth=None, packages_select_by_dep=None, packages_skip_by_dep=None, packages_skip_up_to=None, packages_select_build_failed=False, packages_skip_build_finished=False, packages_select_test_failures=False, packages_skip_test_passed=False, packages_select=None, packages_skip=None, packages_select_regex=None, packages_skip_regex=None, packages_start=None, packages_end=None, allow_overriding=[], cmake_args=None, cmake_target=None, cmake_target_skip_unavailable=False, cmake_clean_cache=False, cmake_clean_first=False, cmake_force_configure=False, ament_cmake_args=None, catkin_cmake_args=None, catkin_skip_building_tests=False, verb_parser=<colcon_defaults.argument_parser.defaults.DefaultArgumentsDecorator object at 0xea1d15db81a0>, verb_extension=<colcon_core.verb.build.BuildVerb object at 0xea1d15d7be00>, main=<bound method BuildVerb.main of <colcon_core.verb.build.BuildVerb object at 0xea1d15d7be00>>)
[0.142s] Level 1:colcon.colcon_core.package_discovery:discover_packages(colcon_meta) check parameters
[0.142s] Level 1:colcon.colcon_core.package_discovery:discover_packages(recursive) check parameters
[0.142s] Level 1:colcon.colcon_core.package_discovery:discover_packages(ignore) check parameters
[0.142s] Level 1:colcon.colcon_core.package_discovery:discover_packages(path) check parameters
[0.142s] Level 1:colcon.colcon_core.package_discovery:discover_packages(colcon_meta) discover
[0.142s] Level 1:colcon.colcon_core.package_discovery:discover_packages(recursive) discover
[0.142s] INFO:colcon.colcon_core.package_discovery:Crawling recursively for packages in '/home/zhettus/ros2_ws'
[0.143s] Level 1:colcon.colcon_core.package_identification:_identify(.) by extensions ['ignore', 'ignore_ament_install']
[0.143s] Level 1:colcon.colcon_core.package_identification:_identify(.) by extension 'ignore'
[0.143s] Level 1:colcon.colcon_core.package_identification:_identify(.) by extension 'ignore_ament_install'
[0.143s] Level 1:colcon.colcon_core.package_identification:_identify(.) by extensions ['colcon_pkg']
[0.143s] Level 1:colcon.colcon_core.package_identification:_identify(.) by extension 'colcon_pkg'
[0.143s] Level 1:colcon.colcon_core.package_identification:_identify(.) by extensions ['colcon_meta']
[0.143s] Level 1:colcon.colcon_core.package_identification:_identify(.) by extension 'colcon_meta'
[0.143s] Level 1:colcon.colcon_core.package_identification:_identify(.) by extensions ['ros']
[0.143s] Level 1:colcon.colcon_core.package_identification:_identify(.) by extension 'ros'
[0.162s] Level 1:colcon.colcon_core.package_identification:_identify(.) by extensions ['cmake', 'python']
[0.162s] Level 1:colcon.colcon_core.package_identification:_identify(.) by extension 'cmake'
[0.162s] Level 1:colcon.colcon_core.package_identification:_identify(.) by extension 'python'
[0.162s] Level 1:colcon.colcon_core.package_identification:_identify(.) by extensions ['python_setup_py']
[0.162s] Level 1:colcon.colcon_core.package_identification:_identify(.) by extension 'python_setup_py'
[0.162s] Level 1:colcon.colcon_core.package_identification:_identify(__pycache__) by extensions ['ignore', 'ignore_ament_install']
[0.162s] Level 1:colcon.colcon_core.package_identification:_identify(__pycache__) by extension 'ignore'
[0.162s] Level 1:colcon.colcon_core.package_identification:_identify(__pycache__) by extension 'ignore_ament_install'
[0.162s] Level 1:colcon.colcon_core.package_identification:_identify(__pycache__) by extensions ['colcon_pkg']
[0.162s] Level 1:colcon.colcon_core.package_identification:_identify(__pycache__) by extension 'colcon_pkg'
[0.162s] Level 1:colcon.colcon_core.package_identification:_identify(__pycache__) by extensions ['colcon_meta']
[0.162s] Level 1:colcon.colcon_core.package_identification:_identify(__pycache__) by extension 'colcon_meta'
[0.162s] Level 1:colcon.colcon_core.package_identification:_identify(__pycache__) by extensions ['ros']
[0.162s] Level 1:colcon.colcon_core.package_identification:_identify(__pycache__) by extension 'ros'
[0.163s] Level 1:colcon.colcon_core.package_identification:_identify(__pycache__) by extensions ['cmake', 'python']
[0.163s] Level 1:colcon.colcon_core.package_identification:_identify(__pycache__) by extension 'cmake'
[0.163s] Level 1:colcon.colcon_core.package_identification:_identify(__pycache__) by extension 'python'
[0.163s] Level 1:colcon.colcon_core.package_identification:_identify(__pycache__) by extensions ['python_setup_py']
[0.163s] Level 1:colcon.colcon_core.package_identification:_identify(__pycache__) by extension 'python_setup_py'
[0.163s] Level 1:colcon.colcon_core.package_identification:_identify(build) by extensions ['ignore', 'ignore_ament_install']
[0.163s] Level 1:colcon.colcon_core.package_identification:_identify(build) by extension 'ignore'
[0.163s] Level 1:colcon.colcon_core.package_identification:_identify(build) ignored
[0.163s] Level 1:colcon.colcon_core.package_identification:_identify(install) by extensions ['ignore', 'ignore_ament_install']
[0.163s] Level 1:colcon.colcon_core.package_identification:_identify(install) by extension 'ignore'
[0.163s] Level 1:colcon.colcon_core.package_identification:_identify(install) ignored
[0.163s] Level 1:colcon.colcon_core.package_identification:_identify(log) by extensions ['ignore', 'ignore_ament_install']
[0.163s] Level 1:colcon.colcon_core.package_identification:_identify(log) by extension 'ignore'
[0.163s] Level 1:colcon.colcon_core.package_identification:_identify(log) ignored
[0.163s] Level 1:colcon.colcon_core.package_identification:_identify(src) by extensions ['ignore', 'ignore_ament_install']
[0.164s] Level 1:colcon.colcon_core.package_identification:_identify(src) by extension 'ignore'
[0.164s] Level 1:colcon.colcon_core.package_identification:_identify(src) by extension 'ignore_ament_install'
[0.164s] Level 1:colcon.colcon_core.package_identification:_identify(src) by extensions ['colcon_pkg']
[0.164s] Level 1:colcon.colcon_core.package_identification:_identify(src) by extension 'colcon_pkg'
[0.164s] Level 1:colcon.colcon_core.package_identification:_identify(src) by extensions ['colcon_meta']
[0.164s] Level 1:colcon.colcon_core.package_identification:_identify(src) by extension 'colcon_meta'
[0.164s] Level 1:colcon.colcon_core.package_identification:_identify(src) by extensions ['ros']
[0.164s] Level 1:colcon.colcon_core.package_identification:_identify(src) by extension 'ros'
[0.164s] Level 1:colcon.colcon_core.package_identification:_identify(src) by extensions ['cmake', 'python']
[0.164s] Level 1:colcon.colcon_core.package_identification:_identify(src) by extension 'cmake'
[0.164s] Level 1:colcon.colcon_core.package_identification:_identify(src) by extension 'python'
[0.164s] Level 1:colcon.colcon_core.package_identification:_identify(src) by extensions ['python_setup_py']
[0.164s] Level 1:colcon.colcon_core.package_identification:_identify(src) by extension 'python_setup_py'
[0.164s] Level 1:colcon.colcon_core.package_identification:_identify(src/husarion_gz_worlds) by extensions ['ignore', 'ignore_ament_install']
[0.164s] Level 1:colcon.colcon_core.package_identification:_identify(src/husarion_gz_worlds) by extension 'ignore'
[0.164s] Level 1:colcon.colcon_core.package_identification:_identify(src/husarion_gz_worlds) by extension 'ignore_ament_install'
[0.164s] Level 1:colcon.colcon_core.package_identification:_identify(src/husarion_gz_worlds) by extensions ['colcon_pkg']
[0.164s] Level 1:colcon.colcon_core.package_identification:_identify(src/husarion_gz_worlds) by extension 'colcon_pkg'
[0.164s] Level 1:colcon.colcon_core.package_identification:_identify(src/husarion_gz_worlds) by extensions ['colcon_meta']
[0.164s] Level 1:colcon.colcon_core.package_identification:_identify(src/husarion_gz_worlds) by extension 'colcon_meta'
[0.164s] Level 1:colcon.colcon_core.package_identification:_identify(src/husarion_gz_worlds) by extensions ['ros']
[0.164s] Level 1:colcon.colcon_core.package_identification:_identify(src/husarion_gz_worlds) by extension 'ros'
[0.166s] DEBUG:colcon.colcon_core.package_identification:Package 'src/husarion_gz_worlds' with type 'ros.ament_cmake' and name 'husarion_gz_worlds'
[0.167s] Level 1:colcon.colcon_core.package_identification:_identify(src/rosbot_xl_ros) by extensions ['ignore', 'ignore_ament_install']
[0.167s] Level 1:colcon.colcon_core.package_identification:_identify(src/rosbot_xl_ros) by extension 'ignore'
[0.167s] Level 1:colcon.colcon_core.package_identification:_identify(src/rosbot_xl_ros) by extension 'ignore_ament_install'
[0.167s] Level 1:colcon.colcon_core.package_identification:_identify(src/rosbot_xl_ros) by extensions ['colcon_pkg']
[0.167s] Level 1:colcon.colcon_core.package_identification:_identify(src/rosbot_xl_ros) by extension 'colcon_pkg'
[0.167s] Level 1:colcon.colcon_core.package_identification:_identify(src/rosbot_xl_ros) by extensions ['colcon_meta']
[0.167s] Level 1:colcon.colcon_core.package_identification:_identify(src/rosbot_xl_ros) by extension 'colcon_meta'
[0.167s] Level 1:colcon.colcon_core.package_identification:_identify(src/rosbot_xl_ros) by extensions ['ros']
[0.167s] Level 1:colcon.colcon_core.package_identification:_identify(src/rosbot_xl_ros) by extension 'ros'
[0.167s] Level 1:colcon.colcon_core.package_identification:_identify(src/rosbot_xl_ros) by extensions ['cmake', 'python']
[0.167s] Level 1:colcon.colcon_core.package_identification:_identify(src/rosbot_xl_ros) by extension 'cmake'
[0.167s] Level 1:colcon.colcon_core.package_identification:_identify(src/rosbot_xl_ros) by extension 'python'
[0.167s] Level 1:colcon.colcon_core.package_identification:_identify(src/rosbot_xl_ros) by extensions ['python_setup_py']
[0.167s] Level 1:colcon.colcon_core.package_identification:_identify(src/rosbot_xl_ros) by extension 'python_setup_py'
[0.167s] Level 1:colcon.colcon_core.package_identification:_identify(src/rosbot_xl_ros/docker) by extensions ['ignore', 'ignore_ament_install']
[0.167s] Level 1:colcon.colcon_core.package_identification:_identify(src/rosbot_xl_ros/docker) by extension 'ignore'
[0.167s] Level 1:colcon.colcon_core.package_identification:_identify(src/rosbot_xl_ros/docker) by extension 'ignore_ament_install'
[0.167s] Level 1:colcon.colcon_core.package_identification:_identify(src/rosbot_xl_ros/docker) by extensions ['colcon_pkg']
[0.167s] Level 1:colcon.colcon_core.package_identification:_identify(src/rosbot_xl_ros/docker) by extension 'colcon_pkg'
[0.167s] Level 1:colcon.colcon_core.package_identification:_identify(src/rosbot_xl_ros/docker) by extensions ['colcon_meta']
[0.167s] Level 1:colcon.colcon_core.package_identification:_identify(src/rosbot_xl_ros/docker) by extension 'colcon_meta'
[0.167s] Level 1:colcon.colcon_core.package_identification:_identify(src/rosbot_xl_ros/docker) by extensions ['ros']
[0.167s] Level 1:colcon.colcon_core.package_identification:_identify(src/rosbot_xl_ros/docker) by extension 'ros'
[0.168s] Level 1:colcon.colcon_core.package_identification:_identify(src/rosbot_xl_ros/docker) by extensions ['cmake', 'python']
[0.168s] Level 1:colcon.colcon_core.package_identification:_identify(src/rosbot_xl_ros/docker) by extension 'cmake'
[0.168s] Level 1:colcon.colcon_core.package_identification:_identify(src/rosbot_xl_ros/docker) by extension 'python'
[0.168s] Level 1:colcon.colcon_core.package_identification:_identify(src/rosbot_xl_ros/docker) by extensions ['python_setup_py']
[0.168s] Level 1:colcon.colcon_core.package_identification:_identify(src/rosbot_xl_ros/docker) by extension 'python_setup_py'
[0.168s] Level 1:colcon.colcon_core.package_identification:_identify(src/rosbot_xl_ros/rosbot) by extensions ['ignore', 'ignore_ament_install']
[0.168s] Level 1:colcon.colcon_core.package_identification:_identify(src/rosbot_xl_ros/rosbot) by extension 'ignore'
[0.168s] Level 1:colcon.colcon_core.package_identification:_identify(src/rosbot_xl_ros/rosbot) by extension 'ignore_ament_install'
[0.168s] Level 1:colcon.colcon_core.package_identification:_identify(src/rosbot_xl_ros/rosbot) by extensions ['colcon_pkg']
[0.168s] Level 1:colcon.colcon_core.package_identification:_identify(src/rosbot_xl_ros/rosbot) by extension 'colcon_pkg'
[0.168s] Level 1:colcon.colcon_core.package_identification:_identify(src/rosbot_xl_ros/rosbot) by extensions ['colcon_meta']
[0.168s] Level 1:colcon.colcon_core.package_identification:_identify(src/rosbot_xl_ros/rosbot) by extension 'colcon_meta'
[0.168s] Level 1:colcon.colcon_core.package_identification:_identify(src/rosbot_xl_ros/rosbot) by extensions ['ros']
[0.168s] Level 1:colcon.colcon_core.package_identification:_identify(src/rosbot_xl_ros/rosbot) by extension 'ros'
[0.171s] DEBUG:colcon.colcon_core.package_identification:Package 'src/rosbot_xl_ros/rosbot' with type 'ros.ament_cmake' and name 'rosbot'
[0.172s] Level 1:colcon.colcon_core.package_identification:_identify(src/rosbot_xl_ros/rosbot_bringup) by extensions ['ignore', 'ignore_ament_install']
[0.172s] Level 1:colcon.colcon_core.package_identification:_identify(src/rosbot_xl_ros/rosbot_bringup) by extension 'ignore'
[0.172s] Level 1:colcon.colcon_core.package_identification:_identify(src/rosbot_xl_ros/rosbot_bringup) by extension 'ignore_ament_install'
[0.172s] Level 1:colcon.colcon_core.package_identification:_identify(src/rosbot_xl_ros/rosbot_bringup) by extensions ['colcon_pkg']
[0.172s] Level 1:colcon.colcon_core.package_identification:_identify(src/rosbot_xl_ros/rosbot_bringup) by extension 'colcon_pkg'
[0.172s] Level 1:colcon.colcon_core.package_identification:_identify(src/rosbot_xl_ros/rosbot_bringup) by extensions ['colcon_meta']
[0.172s] Level 1:colcon.colcon_core.package_identification:_identify(src/rosbot_xl_ros/rosbot_bringup) by extension 'colcon_meta'
[0.172s] Level 1:colcon.colcon_core.package_identification:_identify(src/rosbot_xl_ros/rosbot_bringup) by extensions ['ros']
[0.172s] Level 1:colcon.colcon_core.package_identification:_identify(src/rosbot_xl_ros/rosbot_bringup) by extension 'ros'
[0.174s] DEBUG:colcon.colcon_core.package_identification:Package 'src/rosbot_xl_ros/rosbot_bringup' with type 'ros.ament_python' and name 'rosbot_bringup'
[0.174s] Level 1:colcon.colcon_core.package_identification:_identify(src/rosbot_xl_ros/rosbot_controller) by extensions ['ignore', 'ignore_ament_install']
[0.174s] Level 1:colcon.colcon_core.package_identification:_identify(src/rosbot_xl_ros/rosbot_controller) by extension 'ignore'
[0.174s] Level 1:colcon.colcon_core.package_identification:_identify(src/rosbot_xl_ros/rosbot_controller) by extension 'ignore_ament_install'
[0.174s] Level 1:colcon.colcon_core.package_identification:_identify(src/rosbot_xl_ros/rosbot_controller) by extensions ['colcon_pkg']
[0.174s] Level 1:colcon.colcon_core.package_identification:_identify(src/rosbot_xl_ros/rosbot_controller) by extension 'colcon_pkg'
[0.174s] Level 1:colcon.colcon_core.package_identification:_identify(src/rosbot_xl_ros/rosbot_controller) by extensions ['colcon_meta']
[0.174s] Level 1:colcon.colcon_core.package_identification:_identify(src/rosbot_xl_ros/rosbot_controller) by extension 'colcon_meta'
[0.174s] Level 1:colcon.colcon_core.package_identification:_identify(src/rosbot_xl_ros/rosbot_controller) by extensions ['ros']
[0.174s] Level 1:colcon.colcon_core.package_identification:_identify(src/rosbot_xl_ros/rosbot_controller) by extension 'ros'
[0.175s] DEBUG:colcon.colcon_core.package_identification:Package 'src/rosbot_xl_ros/rosbot_controller' with type 'ros.ament_python' and name 'rosbot_controller'
[0.175s] Level 1:colcon.colcon_core.package_identification:_identify(src/rosbot_xl_ros/rosbot_description) by extensions ['ignore', 'ignore_ament_install']
[0.175s] Level 1:colcon.colcon_core.package_identification:_identify(src/rosbot_xl_ros/rosbot_description) by extension 'ignore'
[0.175s] Level 1:colcon.colcon_core.package_identification:_identify(src/rosbot_xl_ros/rosbot_description) by extension 'ignore_ament_install'
[0.175s] Level 1:colcon.colcon_core.package_identification:_identify(src/rosbot_xl_ros/rosbot_description) by extensions ['colcon_pkg']
[0.175s] Level 1:colcon.colcon_core.package_identification:_identify(src/rosbot_xl_ros/rosbot_description) by extension 'colcon_pkg'
[0.175s] Level 1:colcon.colcon_core.package_identification:_identify(src/rosbot_xl_ros/rosbot_description) by extensions ['colcon_meta']
[0.175s] Level 1:colcon.colcon_core.package_identification:_identify(src/rosbot_xl_ros/rosbot_description) by extension 'colcon_meta'
[0.175s] Level 1:colcon.colcon_core.package_identification:_identify(src/rosbot_xl_ros/rosbot_description) by extensions ['ros']
[0.175s] Level 1:colcon.colcon_core.package_identification:_identify(src/rosbot_xl_ros/rosbot_description) by extension 'ros'
[0.176s] DEBUG:colcon.colcon_core.package_identification:Package 'src/rosbot_xl_ros/rosbot_description' with type 'ros.ament_cmake' and name 'rosbot_description'
[0.176s] Level 1:colcon.colcon_core.package_identification:_identify(src/rosbot_xl_ros/rosbot_gazebo) by extensions ['ignore', 'ignore_ament_install']
[0.176s] Level 1:colcon.colcon_core.package_identification:_identify(src/rosbot_xl_ros/rosbot_gazebo) by extension 'ignore'
[0.176s] Level 1:colcon.colcon_core.package_identification:_identify(src/rosbot_xl_ros/rosbot_gazebo) by extension 'ignore_ament_install'
[0.176s] Level 1:colcon.colcon_core.package_identification:_identify(src/rosbot_xl_ros/rosbot_gazebo) by extensions ['colcon_pkg']
[0.176s] Level 1:colcon.colcon_core.package_identification:_identify(src/rosbot_xl_ros/rosbot_gazebo) by extension 'colcon_pkg'
[0.176s] Level 1:colcon.colcon_core.package_identification:_identify(src/rosbot_xl_ros/rosbot_gazebo) by extensions ['colcon_meta']
[0.176s] Level 1:colcon.colcon_core.package_identification:_identify(src/rosbot_xl_ros/rosbot_gazebo) by extension 'colcon_meta'
[0.176s] Level 1:colcon.colcon_core.package_identification:_identify(src/rosbot_xl_ros/rosbot_gazebo) by extensions ['ros']
[0.176s] Level 1:colcon.colcon_core.package_identification:_identify(src/rosbot_xl_ros/rosbot_gazebo) by extension 'ros'
[0.179s] DEBUG:colcon.colcon_core.package_identification:Package 'src/rosbot_xl_ros/rosbot_gazebo' with type 'ros.ament_python' and name 'rosbot_gazebo'
[0.179s] Level 1:colcon.colcon_core.package_identification:_identify(src/rosbot_xl_ros/rosbot_utils) by extensions ['ignore', 'ignore_ament_install']
[0.179s] Level 1:colcon.colcon_core.package_identification:_identify(src/rosbot_xl_ros/rosbot_utils) by extension 'ignore'
[0.179s] Level 1:colcon.colcon_core.package_identification:_identify(src/rosbot_xl_ros/rosbot_utils) by extension 'ignore_ament_install'
[0.179s] Level 1:colcon.colcon_core.package_identification:_identify(src/rosbot_xl_ros/rosbot_utils) by extensions ['colcon_pkg']
[0.179s] Level 1:colcon.colcon_core.package_identification:_identify(src/rosbot_xl_ros/rosbot_utils) by extension 'colcon_pkg'
[0.179s] Level 1:colcon.colcon_core.package_identification:_identify(src/rosbot_xl_ros/rosbot_utils) by extensions ['colcon_meta']
[0.179s] Level 1:colcon.colcon_core.package_identification:_identify(src/rosbot_xl_ros/rosbot_utils) by extension 'colcon_meta'
[0.179s] Level 1:colcon.colcon_core.package_identification:_identify(src/rosbot_xl_ros/rosbot_utils) by extensions ['ros']
[0.179s] Level 1:colcon.colcon_core.package_identification:_identify(src/rosbot_xl_ros/rosbot_utils) by extension 'ros'
[0.180s] DEBUG:colcon.colcon_core.package_identification:Package 'src/rosbot_xl_ros/rosbot_utils' with type 'ros.ament_python' and name 'rosbot_utils'
[0.180s] Level 1:colcon.colcon_core.package_identification:_identify(src/slam_tutorial) by extensions ['ignore', 'ignore_ament_install']
[0.180s] Level 1:colcon.colcon_core.package_identification:_identify(src/slam_tutorial) by extension 'ignore'
[0.180s] Level 1:colcon.colcon_core.package_identification:_identify(src/slam_tutorial) by extension 'ignore_ament_install'
[0.180s] Level 1:colcon.colcon_core.package_identification:_identify(src/slam_tutorial) by extensions ['colcon_pkg']
[0.180s] Level 1:colcon.colcon_core.package_identification:_identify(src/slam_tutorial) by extension 'colcon_pkg'
[0.180s] Level 1:colcon.colcon_core.package_identification:_identify(src/slam_tutorial) by extensions ['colcon_meta']
[0.180s] Level 1:colcon.colcon_core.package_identification:_identify(src/slam_tutorial) by extension 'colcon_meta'
[0.180s] Level 1:colcon.colcon_core.package_identification:_identify(src/slam_tutorial) by extensions ['ros']
[0.180s] Level 1:colcon.colcon_core.package_identification:_identify(src/slam_tutorial) by extension 'ros'
[0.180s] Level 1:colcon.colcon_core.package_identification:_identify(src/slam_tutorial) by extensions ['cmake', 'python']
[0.180s] Level 1:colcon.colcon_core.package_identification:_identify(src/slam_tutorial) by extension 'cmake'
[0.180s] Level 1:colcon.colcon_core.package_identification:_identify(src/slam_tutorial) by extension 'python'
[0.180s] Level 1:colcon.colcon_core.package_identification:_identify(src/slam_tutorial) by extensions ['python_setup_py']
[0.180s] Level 1:colcon.colcon_core.package_identification:_identify(src/slam_tutorial) by extension 'python_setup_py'
[0.180s] Level 1:colcon.colcon_core.package_identification:_identify(src/slam_tutorial/config) by extensions ['ignore', 'ignore_ament_install']
[0.180s] Level 1:colcon.colcon_core.package_identification:_identify(src/slam_tutorial/config) by extension 'ignore'
[0.180s] Level 1:colcon.colcon_core.package_identification:_identify(src/slam_tutorial/config) by extension 'ignore_ament_install'
[0.180s] Level 1:colcon.colcon_core.package_identification:_identify(src/slam_tutorial/config) by extensions ['colcon_pkg']
[0.180s] Level 1:colcon.colcon_core.package_identification:_identify(src/slam_tutorial/config) by extension 'colcon_pkg'
[0.180s] Level 1:colcon.colcon_core.package_identification:_identify(src/slam_tutorial/config) by extensions ['colcon_meta']
[0.180s] Level 1:colcon.colcon_core.package_identification:_identify(src/slam_tutorial/config) by extension 'colcon_meta'
[0.181s] Level 1:colcon.colcon_core.package_identification:_identify(src/slam_tutorial/config) by extensions ['ros']
[0.181s] Level 1:colcon.colcon_core.package_identification:_identify(src/slam_tutorial/config) by extension 'ros'
[0.181s] Level 1:colcon.colcon_core.package_identification:_identify(src/slam_tutorial/config) by extensions ['cmake', 'python']
[0.181s] Level 1:colcon.colcon_core.package_identification:_identify(src/slam_tutorial/config) by extension 'cmake'
[0.181s] Level 1:colcon.colcon_core.package_identification:_identify(src/slam_tutorial/config) by extension 'python'
[0.181s] Level 1:colcon.colcon_core.package_identification:_identify(src/slam_tutorial/config) by extensions ['python_setup_py']
[0.181s] Level 1:colcon.colcon_core.package_identification:_identify(src/slam_tutorial/config) by extension 'python_setup_py'
[0.181s] Level 1:colcon.colcon_core.package_identification:_identify(src/slam_tutorial/launch) by extensions ['ignore', 'ignore_ament_install']
[0.181s] Level 1:colcon.colcon_core.package_identification:_identify(src/slam_tutorial/launch) by extension 'ignore'
[0.181s] Level 1:colcon.colcon_core.package_identification:_identify(src/slam_tutorial/launch) by extension 'ignore_ament_install'
[0.181s] Level 1:colcon.colcon_core.package_identification:_identify(src/slam_tutorial/launch) by extensions ['colcon_pkg']
[0.181s] Level 1:colcon.colcon_core.package_identification:_identify(src/slam_tutorial/launch) by extension 'colcon_pkg'
[0.181s] Level 1:colcon.colcon_core.package_identification:_identify(src/slam_tutorial/launch) by extensions ['colcon_meta']
[0.181s] Level 1:colcon.colcon_core.package_identification:_identify(src/slam_tutorial/launch) by extension 'colcon_meta'
[0.181s] Level 1:colcon.colcon_core.package_identification:_identify(src/slam_tutorial/launch) by extensions ['ros']
[0.181s] Level 1:colcon.colcon_core.package_identification:_identify(src/slam_tutorial/launch) by extension 'ros'
[0.181s] Level 1:colcon.colcon_core.package_identification:_identify(src/slam_tutorial/launch) by extensions ['cmake', 'python']
[0.181s] Level 1:colcon.colcon_core.package_identification:_identify(src/slam_tutorial/launch) by extension 'cmake'
[0.181s] Level 1:colcon.colcon_core.package_identification:_identify(src/slam_tutorial/launch) by extension 'python'
[0.181s] Level 1:colcon.colcon_core.package_identification:_identify(src/slam_tutorial/launch) by extensions ['python_setup_py']
[0.181s] Level 1:colcon.colcon_core.package_identification:_identify(src/slam_tutorial/launch) by extension 'python_setup_py'
[0.181s] Level 1:colcon.colcon_core.package_identification:_identify(src/test) by extensions ['ignore', 'ignore_ament_install']
[0.181s] Level 1:colcon.colcon_core.package_identification:_identify(src/test) by extension 'ignore'
[0.181s] Level 1:colcon.colcon_core.package_identification:_identify(src/test) by extension 'ignore_ament_install'
[0.181s] Level 1:colcon.colcon_core.package_identification:_identify(src/test) by extensions ['colcon_pkg']
[0.181s] Level 1:colcon.colcon_core.package_identification:_identify(src/test) by extension 'colcon_pkg'
[0.181s] Level 1:colcon.colcon_core.package_identification:_identify(src/test) by extensions ['colcon_meta']
[0.181s] Level 1:colcon.colcon_core.package_identification:_identify(src/test) by extension 'colcon_meta'
[0.182s] Level 1:colcon.colcon_core.package_identification:_identify(src/test) by extensions ['ros']
[0.182s] Level 1:colcon.colcon_core.package_identification:_identify(src/test) by extension 'ros'
[0.182s] DEBUG:colcon.colcon_core.package_identification:Package 'src/test' with type 'ros.ament_cmake' and name 'test'
[0.182s] Level 1:colcon.colcon_core.package_identification:_identify(src/tutorial_pkg) by extensions ['ignore', 'ignore_ament_install']
[0.182s] Level 1:colcon.colcon_core.package_identification:_identify(src/tutorial_pkg) by extension 'ignore'
[0.182s] Level 1:colcon.colcon_core.package_identification:_identify(src/tutorial_pkg) by extension 'ignore_ament_install'
[0.182s] Level 1:colcon.colcon_core.package_identification:_identify(src/tutorial_pkg) by extensions ['colcon_pkg']
[0.182s] Level 1:colcon.colcon_core.package_identification:_identify(src/tutorial_pkg) by extension 'colcon_pkg'
[0.182s] Level 1:colcon.colcon_core.package_identification:_identify(src/tutorial_pkg) by extensions ['colcon_meta']
[0.182s] Level 1:colcon.colcon_core.package_identification:_identify(src/tutorial_pkg) by extension 'colcon_meta'
[0.182s] Level 1:colcon.colcon_core.package_identification:_identify(src/tutorial_pkg) by extensions ['ros']
[0.182s] Level 1:colcon.colcon_core.package_identification:_identify(src/tutorial_pkg) by extension 'ros'
[0.183s] DEBUG:colcon.colcon_core.package_identification:Package 'src/tutorial_pkg' with type 'ros.ament_cmake' and name 'tutorial_pkg'
[0.183s] Level 1:colcon.colcon_core.package_discovery:discover_packages(recursive) using defaults
[0.183s] Level 1:colcon.colcon_core.package_discovery:discover_packages(ignore) discover
[0.183s] Level 1:colcon.colcon_core.package_discovery:discover_packages(ignore) using defaults
[0.183s] Level 1:colcon.colcon_core.package_discovery:discover_packages(path) discover
[0.183s] Level 1:colcon.colcon_core.package_discovery:discover_packages(path) using defaults
[0.200s] Level 1:colcon.colcon_core.package_discovery:discover_packages(prefix_path) check parameters
[0.200s] Level 1:colcon.colcon_core.package_discovery:discover_packages(prefix_path) discover
[0.204s] DEBUG:colcon.colcon_installed_package_information.package_discovery:Found 11 installed packages in /home/zhettus/rosbot_ws/install
[0.204s] DEBUG:colcon.colcon_installed_package_information.package_discovery:Found 9 installed packages in /home/zhettus/ros2_ws/install
[0.206s] DEBUG:colcon.colcon_installed_package_information.package_discovery:Found 461 installed packages in /opt/ros/jazzy
[0.207s] Level 1:colcon.colcon_core.package_discovery:discover_packages(prefix_path) using defaults
[0.254s] Level 5:colcon.colcon_core.verb:set package 'husarion_gz_worlds' build argument 'cmake_args' from command line to 'None'
[0.254s] Level 5:colcon.colcon_core.verb:set package 'husarion_gz_worlds' build argument 'cmake_target' from command line to 'None'
[0.254s] Level 5:colcon.colcon_core.verb:set package 'husarion_gz_worlds' build argument 'cmake_target_skip_unavailable' from command line to 'False'
[0.254s] Level 5:colcon.colcon_core.verb:set package 'husarion_gz_worlds' build argument 'cmake_clean_cache' from command line to 'False'
[0.254s] Level 5:colcon.colcon_core.verb:set package 'husarion_gz_worlds' build argument 'cmake_clean_first' from command line to 'False'
[0.254s] Level 5:colcon.colcon_core.verb:set package 'husarion_gz_worlds' build argument 'cmake_force_configure' from command line to 'False'
[0.254s] Level 5:colcon.colcon_core.verb:set package 'husarion_gz_worlds' build argument 'ament_cmake_args' from command line to 'None'
[0.254s] Level 5:colcon.colcon_core.verb:set package 'husarion_gz_worlds' build argument 'catkin_cmake_args' from command line to 'None'
[0.254s] Level 5:colcon.colcon_core.verb:set package 'husarion_gz_worlds' build argument 'catkin_skip_building_tests' from command line to 'False'
[0.254s] DEBUG:colcon.colcon_core.verb:Building package 'husarion_gz_worlds' with the following arguments: {'ament_cmake_args': None, 'build_base': '/home/zhettus/ros2_ws/build/husarion_gz_worlds', 'catkin_cmake_args': None, 'catkin_skip_building_tests': False, 'cmake_args': None, 'cmake_clean_cache': False, 'cmake_clean_first': False, 'cmake_force_configure': False, 'cmake_target': None, 'cmake_target_skip_unavailable': False, 'install_base': '/home/zhettus/ros2_ws/install/husarion_gz_worlds', 'merge_install': False, 'path': '/home/zhettus/ros2_ws/src/husarion_gz_worlds', 'symlink_install': False, 'test_result_base': None}
[0.254s] Level 5:colcon.colcon_core.verb:set package 'rosbot' build argument 'cmake_args' from command line to 'None'
[0.254s] Level 5:colcon.colcon_core.verb:set package 'rosbot' build argument 'cmake_target' from command line to 'None'
[0.254s] Level 5:colcon.colcon_core.verb:set package 'rosbot' build argument 'cmake_target_skip_unavailable' from command line to 'False'
[0.254s] Level 5:colcon.colcon_core.verb:set package 'rosbot' build argument 'cmake_clean_cache' from command line to 'False'
[0.254s] Level 5:colcon.colcon_core.verb:set package 'rosbot' build argument 'cmake_clean_first' from command line to 'False'
[0.254s] Level 5:colcon.colcon_core.verb:set package 'rosbot' build argument 'cmake_force_configure' from command line to 'False'
[0.254s] Level 5:colcon.colcon_core.verb:set package 'rosbot' build argument 'ament_cmake_args' from command line to 'None'
[0.254s] Level 5:colcon.colcon_core.verb:set package 'rosbot' build argument 'catkin_cmake_args' from command line to 'None'
[0.254s] Level 5:colcon.colcon_core.verb:set package 'rosbot' build argument 'catkin_skip_building_tests' from command line to 'False'
[0.254s] DEBUG:colcon.colcon_core.verb:Building package 'rosbot' with the following arguments: {'ament_cmake_args': None, 'build_base': '/home/zhettus/ros2_ws/build/rosbot', 'catkin_cmake_args': None, 'catkin_skip_building_tests': False, 'cmake_args': None, 'cmake_clean_cache': False, 'cmake_clean_first': False, 'cmake_force_configure': False, 'cmake_target': None, 'cmake_target_skip_unavailable': False, 'install_base': '/home/zhettus/ros2_ws/install/rosbot', 'merge_install': False, 'path': '/home/zhettus/ros2_ws/src/rosbot_xl_ros/rosbot', 'symlink_install': False, 'test_result_base': None}
[0.254s] Level 5:colcon.colcon_core.verb:set package 'rosbot_bringup' build argument 'cmake_args' from command line to 'None'
[0.254s] Level 5:colcon.colcon_core.verb:set package 'rosbot_bringup' build argument 'cmake_target' from command line to 'None'
[0.254s] Level 5:colcon.colcon_core.verb:set package 'rosbot_bringup' build argument 'cmake_target_skip_unavailable' from command line to 'False'
[0.254s] Level 5:colcon.colcon_core.verb:set package 'rosbot_bringup' build argument 'cmake_clean_cache' from command line to 'False'
[0.254s] Level 5:colcon.colcon_core.verb:set package 'rosbot_bringup' build argument 'cmake_clean_first' from command line to 'False'
[0.254s] Level 5:colcon.colcon_core.verb:set package 'rosbot_bringup' build argument 'cmake_force_configure' from command line to 'False'
[0.254s] Level 5:colcon.colcon_core.verb:set package 'rosbot_bringup' build argument 'ament_cmake_args' from command line to 'None'
[0.254s] Level 5:colcon.colcon_core.verb:set package 'rosbot_bringup' build argument 'catkin_cmake_args' from command line to 'None'
[0.254s] Level 5:colcon.colcon_core.verb:set package 'rosbot_bringup' build argument 'catkin_skip_building_tests' from command line to 'False'
[0.254s] DEBUG:colcon.colcon_core.verb:Building package 'rosbot_bringup' with the following arguments: {'ament_cmake_args': None, 'build_base': '/home/zhettus/ros2_ws/build/rosbot_bringup', 'catkin_cmake_args': None, 'catkin_skip_building_tests': False, 'cmake_args': None, 'cmake_clean_cache': False, 'cmake_clean_first': False, 'cmake_force_configure': False, 'cmake_target': None, 'cmake_target_skip_unavailable': False, 'install_base': '/home/zhettus/ros2_ws/install/rosbot_bringup', 'merge_install': False, 'path': '/home/zhettus/ros2_ws/src/rosbot_xl_ros/rosbot_bringup', 'symlink_install': False, 'test_result_base': None}
[0.255s] Level 5:colcon.colcon_core.verb:set package 'rosbot_description' build argument 'cmake_args' from command line to 'None'
[0.255s] Level 5:colcon.colcon_core.verb:set package 'rosbot_description' build argument 'cmake_target' from command line to 'None'
[0.255s] Level 5:colcon.colcon_core.verb:set package 'rosbot_description' build argument 'cmake_target_skip_unavailable' from command line to 'False'
[0.255s] Level 5:colcon.colcon_core.verb:set package 'rosbot_description' build argument 'cmake_clean_cache' from command line to 'False'
[0.255s] Level 5:colcon.colcon_core.verb:set package 'rosbot_description' build argument 'cmake_clean_first' from command line to 'False'
[0.255s] Level 5:colcon.colcon_core.verb:set package 'rosbot_description' build argument 'cmake_force_configure' from command line to 'False'
[0.255s] Level 5:colcon.colcon_core.verb:set package 'rosbot_description' build argument 'ament_cmake_args' from command line to 'None'
[0.255s] Level 5:colcon.colcon_core.verb:set package 'rosbot_description' build argument 'catkin_cmake_args' from command line to 'None'
[0.255s] Level 5:colcon.colcon_core.verb:set package 'rosbot_description' build argument 'catkin_skip_building_tests' from command line to 'False'
[0.255s] DEBUG:colcon.colcon_core.verb:Building package 'rosbot_description' with the following arguments: {'ament_cmake_args': None, 'build_base': '/home/zhettus/ros2_ws/build/rosbot_description', 'catkin_cmake_args': None, 'catkin_skip_building_tests': False, 'cmake_args': None, 'cmake_clean_cache': False, 'cmake_clean_first': False, 'cmake_force_configure': False, 'cmake_target': None, 'cmake_target_skip_unavailable': False, 'install_base': '/home/zhettus/ros2_ws/install/rosbot_description', 'merge_install': False, 'path': '/home/zhettus/ros2_ws/src/rosbot_xl_ros/rosbot_description', 'symlink_install': False, 'test_result_base': None}
[0.255s] Level 5:colcon.colcon_core.verb:set package 'rosbot_gazebo' build argument 'cmake_args' from command line to 'None'
[0.255s] Level 5:colcon.colcon_core.verb:set package 'rosbot_gazebo' build argument 'cmake_target' from command line to 'None'
[0.255s] Level 5:colcon.colcon_core.verb:set package 'rosbot_gazebo' build argument 'cmake_target_skip_unavailable' from command line to 'False'
[0.255s] Level 5:colcon.colcon_core.verb:set package 'rosbot_gazebo' build argument 'cmake_clean_cache' from command line to 'False'
[0.255s] Level 5:colcon.colcon_core.verb:set package 'rosbot_gazebo' build argument 'cmake_clean_first' from command line to 'False'
[0.255s] Level 5:colcon.colcon_core.verb:set package 'rosbot_gazebo' build argument 'cmake_force_configure' from command line to 'False'
[0.255s] Level 5:colcon.colcon_core.verb:set package 'rosbot_gazebo' build argument 'ament_cmake_args' from command line to 'None'
[0.255s] Level 5:colcon.colcon_core.verb:set package 'rosbot_gazebo' build argument 'catkin_cmake_args' from command line to 'None'
[0.255s] Level 5:colcon.colcon_core.verb:set package 'rosbot_gazebo' build argument 'catkin_skip_building_tests' from command line to 'False'
[0.255s] DEBUG:colcon.colcon_core.verb:Building package 'rosbot_gazebo' with the following arguments: {'ament_cmake_args': None, 'build_base': '/home/zhettus/ros2_ws/build/rosbot_gazebo', 'catkin_cmake_args': None, 'catkin_skip_building_tests': False, 'cmake_args': None, 'cmake_clean_cache': False, 'cmake_clean_first': False, 'cmake_force_configure': False, 'cmake_target': None, 'cmake_target_skip_unavailable': False, 'install_base': '/home/zhettus/ros2_ws/install/rosbot_gazebo', 'merge_install': False, 'path': '/home/zhettus/ros2_ws/src/rosbot_xl_ros/rosbot_gazebo', 'symlink_install': False, 'test_result_base': None}
[0.255s] Level 5:colcon.colcon_core.verb:set package 'rosbot_utils' build argument 'cmake_args' from command line to 'None'
[0.255s] Level 5:colcon.colcon_core.verb:set package 'rosbot_utils' build argument 'cmake_target' from command line to 'None'
[0.255s] Level 5:colcon.colcon_core.verb:set package 'rosbot_utils' build argument 'cmake_target_skip_unavailable' from command line to 'False'
[0.255s] Level 5:colcon.colcon_core.verb:set package 'rosbot_utils' build argument 'cmake_clean_cache' from command line to 'False'
[0.255s] Level 5:colcon.colcon_core.verb:set package 'rosbot_utils' build argument 'cmake_clean_first' from command line to 'False'
[0.255s] Level 5:colcon.colcon_core.verb:set package 'rosbot_utils' build argument 'cmake_force_configure' from command line to 'False'
[0.256s] Level 5:colcon.colcon_core.verb:set package 'rosbot_utils' build argument 'ament_cmake_args' from command line to 'None'
[0.256s] Level 5:colcon.colcon_core.verb:set package 'rosbot_utils' build argument 'catkin_cmake_args' from command line to 'None'
[0.256s] Level 5:colcon.colcon_core.verb:set package 'rosbot_utils' build argument 'catkin_skip_building_tests' from command line to 'False'
[0.256s] DEBUG:colcon.colcon_core.verb:Building package 'rosbot_utils' with the following arguments: {'ament_cmake_args': None, 'build_base': '/home/zhettus/ros2_ws/build/rosbot_utils', 'catkin_cmake_args': None, 'catkin_skip_building_tests': False, 'cmake_args': None, 'cmake_clean_cache': False, 'cmake_clean_first': False, 'cmake_force_configure': False, 'cmake_target': None, 'cmake_target_skip_unavailable': False, 'install_base': '/home/zhettus/ros2_ws/install/rosbot_utils', 'merge_install': False, 'path': '/home/zhettus/ros2_ws/src/rosbot_xl_ros/rosbot_utils', 'symlink_install': False, 'test_result_base': None}
[0.256s] Level 5:colcon.colcon_core.verb:set package 'test' build argument 'cmake_args' from command line to 'None'
[0.256s] Level 5:colcon.colcon_core.verb:set package 'test' build argument 'cmake_target' from command line to 'None'
[0.256s] Level 5:colcon.colcon_core.verb:set package 'test' build argument 'cmake_target_skip_unavailable' from command line to 'False'
[0.256s] Level 5:colcon.colcon_core.verb:set package 'test' build argument 'cmake_clean_cache' from command line to 'False'
[0.256s] Level 5:colcon.colcon_core.verb:set package 'test' build argument 'cmake_clean_first' from command line to 'False'
[0.256s] Level 5:colcon.colcon_core.verb:set package 'test' build argument 'cmake_force_configure' from command line to 'False'
[0.256s] Level 5:colcon.colcon_core.verb:set package 'test' build argument 'ament_cmake_args' from command line to 'None'
[0.256s] Level 5:colcon.colcon_core.verb:set package 'test' build argument 'catkin_cmake_args' from command line to 'None'
[0.256s] Level 5:colcon.colcon_core.verb:set package 'test' build argument 'catkin_skip_building_tests' from command line to 'False'
[0.256s] DEBUG:colcon.colcon_core.verb:Building package 'test' with the following arguments: {'ament_cmake_args': None, 'build_base': '/home/zhettus/ros2_ws/build/test', 'catkin_cmake_args': None, 'catkin_skip_building_tests': False, 'cmake_args': None, 'cmake_clean_cache': False, 'cmake_clean_first': False, 'cmake_force_configure': False, 'cmake_target': None, 'cmake_target_skip_unavailable': False, 'install_base': '/home/zhettus/ros2_ws/install/test', 'merge_install': False, 'path': '/home/zhettus/ros2_ws/src/test', 'symlink_install': False, 'test_result_base': None}
[0.256s] Level 5:colcon.colcon_core.verb:set package 'tutorial_pkg' build argument 'cmake_args' from command line to 'None'
[0.256s] Level 5:colcon.colcon_core.verb:set package 'tutorial_pkg' build argument 'cmake_target' from command line to 'None'
[0.256s] Level 5:colcon.colcon_core.verb:set package 'tutorial_pkg' build argument 'cmake_target_skip_unavailable' from command line to 'False'
[0.256s] Level 5:colcon.colcon_core.verb:set package 'tutorial_pkg' build argument 'cmake_clean_cache' from command line to 'False'
[0.256s] Level 5:colcon.colcon_core.verb:set package 'tutorial_pkg' build argument 'cmake_clean_first' from command line to 'False'
[0.256s] Level 5:colcon.colcon_core.verb:set package 'tutorial_pkg' build argument 'cmake_force_configure' from command line to 'False'
[0.256s] Level 5:colcon.colcon_core.verb:set package 'tutorial_pkg' build argument 'ament_cmake_args' from command line to 'None'
[0.256s] Level 5:colcon.colcon_core.verb:set package 'tutorial_pkg' build argument 'catkin_cmake_args' from command line to 'None'
[0.256s] Level 5:colcon.colcon_core.verb:set package 'tutorial_pkg' build argument 'catkin_skip_building_tests' from command line to 'False'
[0.256s] DEBUG:colcon.colcon_core.verb:Building package 'tutorial_pkg' with the following arguments: {'ament_cmake_args': None, 'build_base': '/home/zhettus/ros2_ws/build/tutorial_pkg', 'catkin_cmake_args': None, 'catkin_skip_building_tests': False, 'cmake_args': None, 'cmake_clean_cache': False, 'cmake_clean_first': False, 'cmake_force_configure': False, 'cmake_target': None, 'cmake_target_skip_unavailable': False, 'install_base': '/home/zhettus/ros2_ws/install/tutorial_pkg', 'merge_install': False, 'path': '/home/zhettus/ros2_ws/src/tutorial_pkg', 'symlink_install': False, 'test_result_base': None}
[0.256s] Level 5:colcon.colcon_core.verb:set package 'rosbot_controller' build argument 'cmake_args' from command line to 'None'
[0.256s] Level 5:colcon.colcon_core.verb:set package 'rosbot_controller' build argument 'cmake_target' from command line to 'None'
[0.256s] Level 5:colcon.colcon_core.verb:set package 'rosbot_controller' build argument 'cmake_target_skip_unavailable' from command line to 'False'
[0.256s] Level 5:colcon.colcon_core.verb:set package 'rosbot_controller' build argument 'cmake_clean_cache' from command line to 'False'
[0.256s] Level 5:colcon.colcon_core.verb:set package 'rosbot_controller' build argument 'cmake_clean_first' from command line to 'False'
[0.256s] Level 5:colcon.colcon_core.verb:set package 'rosbot_controller' build argument 'cmake_force_configure' from command line to 'False'
[0.256s] Level 5:colcon.colcon_core.verb:set package 'rosbot_controller' build argument 'ament_cmake_args' from command line to 'None'
[0.256s] Level 5:colcon.colcon_core.verb:set package 'rosbot_controller' build argument 'catkin_cmake_args' from command line to 'None'
[0.256s] Level 5:colcon.colcon_core.verb:set package 'rosbot_controller' build argument 'catkin_skip_building_tests' from command line to 'False'
[0.256s] DEBUG:colcon.colcon_core.verb:Building package 'rosbot_controller' with the following arguments: {'ament_cmake_args': None, 'build_base': '/home/zhettus/ros2_ws/build/rosbot_controller', 'catkin_cmake_args': None, 'catkin_skip_building_tests': False, 'cmake_args': None, 'cmake_clean_cache': False, 'cmake_clean_first': False, 'cmake_force_configure': False, 'cmake_target': None, 'cmake_target_skip_unavailable': False, 'install_base': '/home/zhettus/ros2_ws/install/rosbot_controller', 'merge_install': False, 'path': '/home/zhettus/ros2_ws/src/rosbot_xl_ros/rosbot_controller', 'symlink_install': False, 'test_result_base': None}
[0.256s] INFO:colcon.colcon_core.executor:Executing jobs using 'parallel' executor
[0.257s] DEBUG:colcon.colcon_parallel_executor.executor.parallel:run_until_complete
[0.257s] INFO:colcon.colcon_ros.task.ament_cmake.build:Building ROS package in '/home/zhettus/ros2_ws/src/rosbot_xl_ros/rosbot_description' with build type 'ament_cmake'
[0.257s] INFO:colcon.colcon_cmake.task.cmake.build:Building CMake package in '/home/zhettus/ros2_ws/src/rosbot_xl_ros/rosbot_description'
[0.260s] INFO:colcon.colcon_core.plugin_system:Skipping extension 'colcon_core.shell.bat': Not used on non-Windows systems
[0.260s] INFO:colcon.colcon_core.shell:Skip shell extension 'powershell' for command environment: Not usable outside of PowerShell
[0.260s] DEBUG:colcon.colcon_core.shell:Skip shell extension 'dsv' for command environment
[0.264s] INFO:colcon.colcon_ros.task.ament_cmake.build:Building ROS package in '/home/zhettus/ros2_ws/src/husarion_gz_worlds' with build type 'ament_cmake'
[0.264s] INFO:colcon.colcon_cmake.task.cmake.build:Building CMake package in '/home/zhettus/ros2_ws/src/husarion_gz_worlds'
[0.264s] INFO:colcon.colcon_core.shell:Skip shell extension 'powershell' for command environment: Not usable outside of PowerShell
[0.264s] DEBUG:colcon.colcon_core.shell:Skip shell extension 'dsv' for command environment
[0.268s] INFO:colcon.colcon_ros.task.ament_cmake.build:Building ROS package in '/home/zhettus/ros2_ws/src/rosbot_xl_ros/rosbot' with build type 'ament_cmake'
[0.268s] INFO:colcon.colcon_cmake.task.cmake.build:Building CMake package in '/home/zhettus/ros2_ws/src/rosbot_xl_ros/rosbot'
[0.268s] INFO:colcon.colcon_core.shell:Skip shell extension 'powershell' for command environment: Not usable outside of PowerShell
[0.268s] DEBUG:colcon.colcon_core.shell:Skip shell extension 'dsv' for command environment
[0.272s] INFO:colcon.colcon_ros.task.ament_python.build:Building ROS package in '/home/zhettus/ros2_ws/src/rosbot_xl_ros/rosbot_bringup' with build type 'ament_python'
[0.273s] Level 1:colcon.colcon_core.shell:create_environment_hook('rosbot_bringup', 'ament_prefix_path')
[0.273s] INFO:colcon.colcon_core.shell:Creating environment hook '/home/zhettus/ros2_ws/install/rosbot_bringup/share/rosbot_bringup/hook/ament_prefix_path.ps1'
[0.274s] INFO:colcon.colcon_core.shell:Creating environment descriptor '/home/zhettus/ros2_ws/install/rosbot_bringup/share/rosbot_bringup/hook/ament_prefix_path.dsv'
[0.275s] INFO:colcon.colcon_core.shell:Creating environment hook '/home/zhettus/ros2_ws/install/rosbot_bringup/share/rosbot_bringup/hook/ament_prefix_path.sh'
[0.276s] INFO:colcon.colcon_core.shell:Skip shell extension 'powershell' for command environment: Not usable outside of PowerShell
[0.276s] DEBUG:colcon.colcon_core.shell:Skip shell extension 'dsv' for command environment
[0.279s] INFO:colcon.colcon_ros.task.ament_python.build:Building ROS package in '/home/zhettus/ros2_ws/src/rosbot_xl_ros/rosbot_gazebo' with build type 'ament_python'
[0.279s] Level 1:colcon.colcon_core.shell:create_environment_hook('rosbot_gazebo', 'ament_prefix_path')
[0.279s] INFO:colcon.colcon_core.shell:Creating environment hook '/home/zhettus/ros2_ws/install/rosbot_gazebo/share/rosbot_gazebo/hook/ament_prefix_path.ps1'
[0.279s] INFO:colcon.colcon_core.shell:Creating environment descriptor '/home/zhettus/ros2_ws/install/rosbot_gazebo/share/rosbot_gazebo/hook/ament_prefix_path.dsv'
[0.280s] INFO:colcon.colcon_core.shell:Creating environment hook '/home/zhettus/ros2_ws/install/rosbot_gazebo/share/rosbot_gazebo/hook/ament_prefix_path.sh'
[0.280s] INFO:colcon.colcon_core.shell:Skip shell extension 'powershell' for command environment: Not usable outside of PowerShell
[0.280s] DEBUG:colcon.colcon_core.shell:Skip shell extension 'dsv' for command environment
[0.283s] INFO:colcon.colcon_ros.task.ament_python.build:Building ROS package in '/home/zhettus/ros2_ws/src/rosbot_xl_ros/rosbot_utils' with build type 'ament_python'
[0.283s] Level 1:colcon.colcon_core.shell:create_environment_hook('rosbot_utils', 'ament_prefix_path')
[0.283s] INFO:colcon.colcon_core.shell:Creating environment hook '/home/zhettus/ros2_ws/install/rosbot_utils/share/rosbot_utils/hook/ament_prefix_path.ps1'
[0.284s] INFO:colcon.colcon_core.shell:Creating environment descriptor '/home/zhettus/ros2_ws/install/rosbot_utils/share/rosbot_utils/hook/ament_prefix_path.dsv'
[0.284s] INFO:colcon.colcon_core.shell:Creating environment hook '/home/zhettus/ros2_ws/install/rosbot_utils/share/rosbot_utils/hook/ament_prefix_path.sh'
[0.284s] INFO:colcon.colcon_core.shell:Skip shell extension 'powershell' for command environment: Not usable outside of PowerShell
[0.285s] DEBUG:colcon.colcon_core.shell:Skip shell extension 'dsv' for command environment
[0.291s] DEBUG:colcon.colcon_core.event_handler.log_command:Invoking command in '/home/zhettus/ros2_ws/build/rosbot_description': CMAKE_PREFIX_PATH=${CMAKE_PREFIX_PATH}:/home/zhettus/rosbot_ws/install/rosbot_controller:/home/zhettus/rosbot_ws/install/rosbot_utils:/home/zhettus/rosbot_ws/install/rosbot_gazebo:/home/zhettus/rosbot_ws/install/rosbot_bringup:/home/zhettus/ros2_ws/install/rosbot_utils:/home/zhettus/ros2_ws/install/rosbot_gazebo:/home/zhettus/ros2_ws/install/rosbot_controller:/home/zhettus/ros2_ws/install/rosbot_bringup:/opt/ros/jazzy /usr/bin/cmake --build /home/zhettus/ros2_ws/build/rosbot_description -- -j6 -l6
[0.298s] DEBUG:colcon.colcon_core.event_handler.log_command:Invoking command in '/home/zhettus/ros2_ws/build/husarion_gz_worlds': CMAKE_PREFIX_PATH=${CMAKE_PREFIX_PATH}:/home/zhettus/rosbot_ws/install/rosbot_controller:/home/zhettus/rosbot_ws/install/rosbot_utils:/home/zhettus/rosbot_ws/install/rosbot_gazebo:/home/zhettus/rosbot_ws/install/rosbot_bringup:/home/zhettus/ros2_ws/install/rosbot_utils:/home/zhettus/ros2_ws/install/rosbot_gazebo:/home/zhettus/ros2_ws/install/rosbot_controller:/home/zhettus/ros2_ws/install/rosbot_bringup:/opt/ros/jazzy /usr/bin/cmake --build /home/zhettus/ros2_ws/build/husarion_gz_worlds -- -j6 -l6
[0.302s] DEBUG:colcon.colcon_core.event_handler.log_command:Invoking command in '/home/zhettus/ros2_ws/build/rosbot': CMAKE_PREFIX_PATH=${CMAKE_PREFIX_PATH}:/home/zhettus/rosbot_ws/install/rosbot_controller:/home/zhettus/rosbot_ws/install/rosbot_utils:/home/zhettus/rosbot_ws/install/rosbot_gazebo:/home/zhettus/rosbot_ws/install/rosbot_bringup:/home/zhettus/ros2_ws/install/rosbot_utils:/home/zhettus/ros2_ws/install/rosbot_gazebo:/home/zhettus/ros2_ws/install/rosbot_controller:/home/zhettus/ros2_ws/install/rosbot_bringup:/opt/ros/jazzy /usr/bin/cmake --build /home/zhettus/ros2_ws/build/rosbot -- -j6 -l6
[0.458s] INFO:colcon.colcon_core.task.python.build:Building Python package in '/home/zhettus/ros2_ws/src/rosbot_xl_ros/rosbot_bringup'
[0.458s] INFO:colcon.colcon_core.shell:Skip shell extension 'powershell' for command environment: Not usable outside of PowerShell
[0.458s] DEBUG:colcon.colcon_core.shell:Skip shell extension 'dsv' for command environment
[0.607s] INFO:colcon.colcon_core.task.python.build:Building Python package in '/home/zhettus/ros2_ws/src/rosbot_xl_ros/rosbot_gazebo'
[0.607s] INFO:colcon.colcon_core.shell:Skip shell extension 'powershell' for command environment: Not usable outside of PowerShell
[0.607s] DEBUG:colcon.colcon_core.shell:Skip shell extension 'dsv' for command environment
[0.614s] DEBUG:colcon.colcon_core.event_handler.log_command:Invoked command in '/home/zhettus/ros2_ws/build/rosbot_description' returned '0': CMAKE_PREFIX_PATH=${CMAKE_PREFIX_PATH}:/home/zhettus/rosbot_ws/install/rosbot_controller:/home/zhettus/rosbot_ws/install/rosbot_utils:/home/zhettus/rosbot_ws/install/rosbot_gazebo:/home/zhettus/rosbot_ws/install/rosbot_bringup:/home/zhettus/ros2_ws/install/rosbot_utils:/home/zhettus/ros2_ws/install/rosbot_gazebo:/home/zhettus/ros2_ws/install/rosbot_controller:/home/zhettus/ros2_ws/install/rosbot_bringup:/opt/ros/jazzy /usr/bin/cmake --build /home/zhettus/ros2_ws/build/rosbot_description -- -j6 -l6
[0.623s] DEBUG:colcon.colcon_core.event_handler.log_command:Invoking command in '/home/zhettus/ros2_ws/build/rosbot_description': CMAKE_PREFIX_PATH=${CMAKE_PREFIX_PATH}:/home/zhettus/rosbot_ws/install/rosbot_controller:/home/zhettus/rosbot_ws/install/rosbot_utils:/home/zhettus/rosbot_ws/install/rosbot_gazebo:/home/zhettus/rosbot_ws/install/rosbot_bringup:/home/zhettus/ros2_ws/install/rosbot_utils:/home/zhettus/ros2_ws/install/rosbot_gazebo:/home/zhettus/ros2_ws/install/rosbot_controller:/home/zhettus/ros2_ws/install/rosbot_bringup:/opt/ros/jazzy /usr/bin/cmake --install /home/zhettus/ros2_ws/build/rosbot_description
[0.624s] DEBUG:colcon.colcon_core.event_handler.log_command:Invoked command in '/home/zhettus/ros2_ws/build/husarion_gz_worlds' returned '0': CMAKE_PREFIX_PATH=${CMAKE_PREFIX_PATH}:/home/zhettus/rosbot_ws/install/rosbot_controller:/home/zhettus/rosbot_ws/install/rosbot_utils:/home/zhettus/rosbot_ws/install/rosbot_gazebo:/home/zhettus/rosbot_ws/install/rosbot_bringup:/home/zhettus/ros2_ws/install/rosbot_utils:/home/zhettus/ros2_ws/install/rosbot_gazebo:/home/zhettus/ros2_ws/install/rosbot_controller:/home/zhettus/ros2_ws/install/rosbot_bringup:/opt/ros/jazzy /usr/bin/cmake --build /home/zhettus/ros2_ws/build/husarion_gz_worlds -- -j6 -l6
[0.625s] DEBUG:colcon.colcon_core.event_handler.log_command:Invoking command in '/home/zhettus/ros2_ws/build/husarion_gz_worlds': CMAKE_PREFIX_PATH=${CMAKE_PREFIX_PATH}:/home/zhettus/rosbot_ws/install/rosbot_controller:/home/zhettus/rosbot_ws/install/rosbot_utils:/home/zhettus/rosbot_ws/install/rosbot_gazebo:/home/zhettus/rosbot_ws/install/rosbot_bringup:/home/zhettus/ros2_ws/install/rosbot_utils:/home/zhettus/ros2_ws/install/rosbot_gazebo:/home/zhettus/ros2_ws/install/rosbot_controller:/home/zhettus/ros2_ws/install/rosbot_bringup:/opt/ros/jazzy /usr/bin/cmake --install /home/zhettus/ros2_ws/build/husarion_gz_worlds
[0.788s] INFO:colcon.colcon_core.task.python.build:Building Python package in '/home/zhettus/ros2_ws/src/rosbot_xl_ros/rosbot_utils'
[0.788s] INFO:colcon.colcon_core.shell:Skip shell extension 'powershell' for command environment: Not usable outside of PowerShell
[0.788s] DEBUG:colcon.colcon_core.shell:Skip shell extension 'dsv' for command environment
[0.796s] DEBUG:colcon.colcon_core.event_handler.log_command:Invoked command in '/home/zhettus/ros2_ws/build/rosbot' returned '0': CMAKE_PREFIX_PATH=${CMAKE_PREFIX_PATH}:/home/zhettus/rosbot_ws/install/rosbot_controller:/home/zhettus/rosbot_ws/install/rosbot_utils:/home/zhettus/rosbot_ws/install/rosbot_gazebo:/home/zhettus/rosbot_ws/install/rosbot_bringup:/home/zhettus/ros2_ws/install/rosbot_utils:/home/zhettus/ros2_ws/install/rosbot_gazebo:/home/zhettus/ros2_ws/install/rosbot_controller:/home/zhettus/ros2_ws/install/rosbot_bringup:/opt/ros/jazzy /usr/bin/cmake --build /home/zhettus/ros2_ws/build/rosbot -- -j6 -l6
[0.813s] DEBUG:colcon.colcon_core.event_handler.log_command:Invoking command in '/home/zhettus/ros2_ws/build/rosbot': CMAKE_PREFIX_PATH=${CMAKE_PREFIX_PATH}:/home/zhettus/rosbot_ws/install/rosbot_controller:/home/zhettus/rosbot_ws/install/rosbot_utils:/home/zhettus/rosbot_ws/install/rosbot_gazebo:/home/zhettus/rosbot_ws/install/rosbot_bringup:/home/zhettus/ros2_ws/install/rosbot_utils:/home/zhettus/ros2_ws/install/rosbot_gazebo:/home/zhettus/ros2_ws/install/rosbot_controller:/home/zhettus/ros2_ws/install/rosbot_bringup:/opt/ros/jazzy /usr/bin/cmake --install /home/zhettus/ros2_ws/build/rosbot
[0.814s] Level 1:colcon.colcon_core.environment:create_environment_scripts_only(rosbot_description)
[0.817s] DEBUG:colcon.colcon_core.event_handler.log_command:Invoked command in '/home/zhettus/ros2_ws/build/rosbot_description' returned '0': CMAKE_PREFIX_PATH=${CMAKE_PREFIX_PATH}:/home/zhettus/rosbot_ws/install/rosbot_controller:/home/zhettus/rosbot_ws/install/rosbot_utils:/home/zhettus/rosbot_ws/install/rosbot_gazebo:/home/zhettus/rosbot_ws/install/rosbot_bringup:/home/zhettus/ros2_ws/install/rosbot_utils:/home/zhettus/ros2_ws/install/rosbot_gazebo:/home/zhettus/ros2_ws/install/rosbot_controller:/home/zhettus/ros2_ws/install/rosbot_bringup:/opt/ros/jazzy /usr/bin/cmake --install /home/zhettus/ros2_ws/build/rosbot_description
[0.818s] Level 1:colcon.colcon_core.environment:checking '/home/zhettus/ros2_ws/install/rosbot_description' for CMake module files
[0.819s] Level 1:colcon.colcon_core.environment:checking '/home/zhettus/ros2_ws/install/rosbot_description' for CMake config files
[0.819s] Level 1:colcon.colcon_core.shell:create_environment_hook('rosbot_description', 'cmake_prefix_path')
[0.820s] INFO:colcon.colcon_core.shell:Creating environment hook '/home/zhettus/ros2_ws/install/rosbot_description/share/rosbot_description/hook/cmake_prefix_path.ps1'
[0.820s] INFO:colcon.colcon_core.shell:Creating environment descriptor '/home/zhettus/ros2_ws/install/rosbot_description/share/rosbot_description/hook/cmake_prefix_path.dsv'
[0.821s] INFO:colcon.colcon_core.shell:Creating environment hook '/home/zhettus/ros2_ws/install/rosbot_description/share/rosbot_description/hook/cmake_prefix_path.sh'
[0.821s] Level 1:colcon.colcon_core.environment:checking '/home/zhettus/ros2_ws/install/rosbot_description/bin'
[0.822s] Level 1:colcon.colcon_core.environment:checking '/home/zhettus/ros2_ws/install/rosbot_description/lib/pkgconfig/rosbot_description.pc'
[0.822s] Level 1:colcon.colcon_core.environment:checking '/home/zhettus/ros2_ws/install/rosbot_description/lib/python3.12/site-packages'
[0.822s] Level 1:colcon.colcon_core.environment:checking '/home/zhettus/ros2_ws/install/rosbot_description/bin'
[0.822s] INFO:colcon.colcon_core.shell:Creating package script '/home/zhettus/ros2_ws/install/rosbot_description/share/rosbot_description/package.ps1'
[0.824s] INFO:colcon.colcon_core.shell:Creating package descriptor '/home/zhettus/ros2_ws/install/rosbot_description/share/rosbot_description/package.dsv'
[0.825s] INFO:colcon.colcon_core.shell:Creating package script '/home/zhettus/ros2_ws/install/rosbot_description/share/rosbot_description/package.sh'
[0.826s] INFO:colcon.colcon_core.shell:Creating package script '/home/zhettus/ros2_ws/install/rosbot_description/share/rosbot_description/package.bash'
[0.826s] INFO:colcon.colcon_core.shell:Creating package script '/home/zhettus/ros2_ws/install/rosbot_description/share/rosbot_description/package.zsh'
[0.828s] Level 1:colcon.colcon_core.environment:create_file_with_runtime_dependencies(/home/zhettus/ros2_ws/install/rosbot_description/share/colcon-core/packages/rosbot_description)
[0.829s] Level 1:colcon.colcon_core.environment:create_environment_scripts_only(rosbot_description)
[0.830s] Level 1:colcon.colcon_core.environment:checking '/home/zhettus/ros2_ws/install/rosbot_description' for CMake module files
[0.830s] Level 1:colcon.colcon_core.environment:checking '/home/zhettus/ros2_ws/install/rosbot_description' for CMake config files
[0.831s] Level 1:colcon.colcon_core.shell:create_environment_hook('rosbot_description', 'cmake_prefix_path')
[0.831s] INFO:colcon.colcon_core.shell:Creating environment hook '/home/zhettus/ros2_ws/install/rosbot_description/share/rosbot_description/hook/cmake_prefix_path.ps1'
[0.832s] INFO:colcon.colcon_core.shell:Creating environment descriptor '/home/zhettus/ros2_ws/install/rosbot_description/share/rosbot_description/hook/cmake_prefix_path.dsv'
[0.832s] INFO:colcon.colcon_core.shell:Creating environment hook '/home/zhettus/ros2_ws/install/rosbot_description/share/rosbot_description/hook/cmake_prefix_path.sh'
[0.833s] Level 1:colcon.colcon_core.environment:checking '/home/zhettus/ros2_ws/install/rosbot_description/bin'
[0.833s] Level 1:colcon.colcon_core.environment:checking '/home/zhettus/ros2_ws/install/rosbot_description/lib/pkgconfig/rosbot_description.pc'
[0.833s] Level 1:colcon.colcon_core.environment:checking '/home/zhettus/ros2_ws/install/rosbot_description/lib/python3.12/site-packages'
[0.834s] Level 1:colcon.colcon_core.environment:checking '/home/zhettus/ros2_ws/install/rosbot_description/bin'
[0.834s] INFO:colcon.colcon_core.shell:Creating package script '/home/zhettus/ros2_ws/install/rosbot_description/share/rosbot_description/package.ps1'
[0.835s] INFO:colcon.colcon_core.shell:Creating package descriptor '/home/zhettus/ros2_ws/install/rosbot_description/share/rosbot_description/package.dsv'
[0.835s] INFO:colcon.colcon_core.shell:Creating package script '/home/zhettus/ros2_ws/install/rosbot_description/share/rosbot_description/package.sh'
[0.835s] INFO:colcon.colcon_core.shell:Creating package script '/home/zhettus/ros2_ws/install/rosbot_description/share/rosbot_description/package.bash'
[0.836s] INFO:colcon.colcon_core.shell:Creating package script '/home/zhettus/ros2_ws/install/rosbot_description/share/rosbot_description/package.zsh'
[0.836s] Level 1:colcon.colcon_core.environment:create_file_with_runtime_dependencies(/home/zhettus/ros2_ws/install/rosbot_description/share/colcon-core/packages/rosbot_description)
[0.836s] Level 1:colcon.colcon_core.environment:create_environment_scripts_only(husarion_gz_worlds)
[0.836s] Level 1:colcon.colcon_core.environment:checking '/home/zhettus/ros2_ws/install/husarion_gz_worlds' for CMake module files
[0.837s] Level 1:colcon.colcon_core.environment:checking '/home/zhettus/ros2_ws/install/husarion_gz_worlds' for CMake config files
[0.838s] Level 1:colcon.colcon_core.shell:create_environment_hook('husarion_gz_worlds', 'cmake_prefix_path')
[0.838s] DEBUG:colcon.colcon_core.event_handler.log_command:Invoked command in '/home/zhettus/ros2_ws/build/husarion_gz_worlds' returned '0': CMAKE_PREFIX_PATH=${CMAKE_PREFIX_PATH}:/home/zhettus/rosbot_ws/install/rosbot_controller:/home/zhettus/rosbot_ws/install/rosbot_utils:/home/zhettus/rosbot_ws/install/rosbot_gazebo:/home/zhettus/rosbot_ws/install/rosbot_bringup:/home/zhettus/ros2_ws/install/rosbot_utils:/home/zhettus/ros2_ws/install/rosbot_gazebo:/home/zhettus/ros2_ws/install/rosbot_controller:/home/zhettus/ros2_ws/install/rosbot_bringup:/opt/ros/jazzy /usr/bin/cmake --install /home/zhettus/ros2_ws/build/husarion_gz_worlds
[0.838s] INFO:colcon.colcon_core.shell:Creating environment hook '/home/zhettus/ros2_ws/install/husarion_gz_worlds/share/husarion_gz_worlds/hook/cmake_prefix_path.ps1'
[0.838s] INFO:colcon.colcon_core.shell:Creating environment descriptor '/home/zhettus/ros2_ws/install/husarion_gz_worlds/share/husarion_gz_worlds/hook/cmake_prefix_path.dsv'
[0.839s] INFO:colcon.colcon_core.shell:Creating environment hook '/home/zhettus/ros2_ws/install/husarion_gz_worlds/share/husarion_gz_worlds/hook/cmake_prefix_path.sh'
[0.839s] Level 1:colcon.colcon_core.environment:checking '/home/zhettus/ros2_ws/install/husarion_gz_worlds/bin'
[0.839s] Level 1:colcon.colcon_core.environment:checking '/home/zhettus/ros2_ws/install/husarion_gz_worlds/lib/pkgconfig/husarion_gz_worlds.pc'
[0.839s] Level 1:colcon.colcon_core.environment:checking '/home/zhettus/ros2_ws/install/husarion_gz_worlds/lib/python3.12/site-packages'
[0.840s] Level 1:colcon.colcon_core.environment:checking '/home/zhettus/ros2_ws/install/husarion_gz_worlds/bin'
[0.840s] INFO:colcon.colcon_core.shell:Creating package script '/home/zhettus/ros2_ws/install/husarion_gz_worlds/share/husarion_gz_worlds/package.ps1'
[0.840s] INFO:colcon.colcon_core.shell:Creating package descriptor '/home/zhettus/ros2_ws/install/husarion_gz_worlds/share/husarion_gz_worlds/package.dsv'
[0.841s] INFO:colcon.colcon_core.shell:Creating package script '/home/zhettus/ros2_ws/install/husarion_gz_worlds/share/husarion_gz_worlds/package.sh'
[0.841s] INFO:colcon.colcon_core.shell:Creating package script '/home/zhettus/ros2_ws/install/husarion_gz_worlds/share/husarion_gz_worlds/package.bash'
[0.841s] INFO:colcon.colcon_core.shell:Creating package script '/home/zhettus/ros2_ws/install/husarion_gz_worlds/share/husarion_gz_worlds/package.zsh'
[0.841s] Level 1:colcon.colcon_core.environment:create_file_with_runtime_dependencies(/home/zhettus/ros2_ws/install/husarion_gz_worlds/share/colcon-core/packages/husarion_gz_worlds)
[0.842s] Level 1:colcon.colcon_core.environment:create_environment_scripts_only(husarion_gz_worlds)
[0.842s] Level 1:colcon.colcon_core.environment:checking '/home/zhettus/ros2_ws/install/husarion_gz_worlds' for CMake module files
[0.842s] Level 1:colcon.colcon_core.environment:checking '/home/zhettus/ros2_ws/install/husarion_gz_worlds' for CMake config files
[0.842s] Level 1:colcon.colcon_core.shell:create_environment_hook('husarion_gz_worlds', 'cmake_prefix_path')
[0.842s] INFO:colcon.colcon_core.shell:Creating environment hook '/home/zhettus/ros2_ws/install/husarion_gz_worlds/share/husarion_gz_worlds/hook/cmake_prefix_path.ps1'
[0.843s] INFO:colcon.colcon_core.shell:Creating environment descriptor '/home/zhettus/ros2_ws/install/husarion_gz_worlds/share/husarion_gz_worlds/hook/cmake_prefix_path.dsv'
[0.843s] INFO:colcon.colcon_core.shell:Creating environment hook '/home/zhettus/ros2_ws/install/husarion_gz_worlds/share/husarion_gz_worlds/hook/cmake_prefix_path.sh'
[0.843s] Level 1:colcon.colcon_core.environment:checking '/home/zhettus/ros2_ws/install/husarion_gz_worlds/bin'
[0.843s] Level 1:colcon.colcon_core.environment:checking '/home/zhettus/ros2_ws/install/husarion_gz_worlds/lib/pkgconfig/husarion_gz_worlds.pc'
[0.843s] Level 1:colcon.colcon_core.environment:checking '/home/zhettus/ros2_ws/install/husarion_gz_worlds/lib/python3.12/site-packages'
[0.844s] Level 1:colcon.colcon_core.environment:checking '/home/zhettus/ros2_ws/install/husarion_gz_worlds/bin'
[0.844s] INFO:colcon.colcon_core.shell:Creating package script '/home/zhettus/ros2_ws/install/husarion_gz_worlds/share/husarion_gz_worlds/package.ps1'
[0.844s] INFO:colcon.colcon_core.shell:Creating package descriptor '/home/zhettus/ros2_ws/install/husarion_gz_worlds/share/husarion_gz_worlds/package.dsv'
[0.844s] INFO:colcon.colcon_core.shell:Creating package script '/home/zhettus/ros2_ws/install/husarion_gz_worlds/share/husarion_gz_worlds/package.sh'
[0.845s] INFO:colcon.colcon_core.shell:Creating package script '/home/zhettus/ros2_ws/install/husarion_gz_worlds/share/husarion_gz_worlds/package.bash'
[0.845s] INFO:colcon.colcon_core.shell:Creating package script '/home/zhettus/ros2_ws/install/husarion_gz_worlds/share/husarion_gz_worlds/package.zsh'
[0.845s] Level 1:colcon.colcon_core.environment:create_file_with_runtime_dependencies(/home/zhettus/ros2_ws/install/husarion_gz_worlds/share/colcon-core/packages/husarion_gz_worlds)
[0.846s] INFO:colcon.colcon_ros.task.ament_cmake.build:Building ROS package in '/home/zhettus/ros2_ws/src/test' with build type 'ament_cmake'
[0.846s] INFO:colcon.colcon_cmake.task.cmake.build:Building CMake package in '/home/zhettus/ros2_ws/src/test'
[0.846s] INFO:colcon.colcon_core.shell:Skip shell extension 'powershell' for command environment: Not usable outside of PowerShell
[0.846s] DEBUG:colcon.colcon_core.shell:Skip shell extension 'dsv' for command environment
[0.851s] INFO:colcon.colcon_ros.task.ament_cmake.build:Building ROS package in '/home/zhettus/ros2_ws/src/tutorial_pkg' with build type 'ament_cmake'
[0.851s] INFO:colcon.colcon_cmake.task.cmake.build:Building CMake package in '/home/zhettus/ros2_ws/src/tutorial_pkg'
[0.851s] INFO:colcon.colcon_core.shell:Skip shell extension 'powershell' for command environment: Not usable outside of PowerShell
[0.851s] DEBUG:colcon.colcon_core.shell:Skip shell extension 'dsv' for command environment
[0.860s] Level 1:colcon.colcon_core.environment:create_environment_scripts_only(rosbot)
[0.861s] Level 1:colcon.colcon_core.environment:checking '/home/zhettus/ros2_ws/install/rosbot' for CMake module files
[0.861s] Level 1:colcon.colcon_core.environment:checking '/home/zhettus/ros2_ws/install/rosbot' for CMake config files
[0.861s] Level 1:colcon.colcon_core.shell:create_environment_hook('rosbot', 'cmake_prefix_path')
[0.861s] INFO:colcon.colcon_core.shell:Creating environment hook '/home/zhettus/ros2_ws/install/rosbot/share/rosbot/hook/cmake_prefix_path.ps1'
[0.862s] INFO:colcon.colcon_core.shell:Creating environment descriptor '/home/zhettus/ros2_ws/install/rosbot/share/rosbot/hook/cmake_prefix_path.dsv'
[0.862s] DEBUG:colcon.colcon_core.event_handler.log_command:Invoked command in '/home/zhettus/ros2_ws/build/rosbot' returned '0': CMAKE_PREFIX_PATH=${CMAKE_PREFIX_PATH}:/home/zhettus/rosbot_ws/install/rosbot_controller:/home/zhettus/rosbot_ws/install/rosbot_utils:/home/zhettus/rosbot_ws/install/rosbot_gazebo:/home/zhettus/rosbot_ws/install/rosbot_bringup:/home/zhettus/ros2_ws/install/rosbot_utils:/home/zhettus/ros2_ws/install/rosbot_gazebo:/home/zhettus/ros2_ws/install/rosbot_controller:/home/zhettus/ros2_ws/install/rosbot_bringup:/opt/ros/jazzy /usr/bin/cmake --install /home/zhettus/ros2_ws/build/rosbot
[0.862s] INFO:colcon.colcon_core.shell:Creating environment hook '/home/zhettus/ros2_ws/install/rosbot/share/rosbot/hook/cmake_prefix_path.sh'
[0.862s] Level 1:colcon.colcon_core.environment:checking '/home/zhettus/ros2_ws/install/rosbot/bin'
[0.862s] Level 1:colcon.colcon_core.environment:checking '/home/zhettus/ros2_ws/install/rosbot/lib/pkgconfig/rosbot.pc'
[0.863s] Level 1:colcon.colcon_core.environment:checking '/home/zhettus/ros2_ws/install/rosbot/lib/python3.12/site-packages'
[0.863s] Level 1:colcon.colcon_core.environment:checking '/home/zhettus/ros2_ws/install/rosbot/bin'
[0.863s] INFO:colcon.colcon_core.shell:Creating package script '/home/zhettus/ros2_ws/install/rosbot/share/rosbot/package.ps1'
[0.863s] INFO:colcon.colcon_core.shell:Creating package descriptor '/home/zhettus/ros2_ws/install/rosbot/share/rosbot/package.dsv'
[0.863s] INFO:colcon.colcon_core.shell:Creating package script '/home/zhettus/ros2_ws/install/rosbot/share/rosbot/package.sh'
[0.864s] INFO:colcon.colcon_core.shell:Creating package script '/home/zhettus/ros2_ws/install/rosbot/share/rosbot/package.bash'
[0.864s] INFO:colcon.colcon_core.shell:Creating package script '/home/zhettus/ros2_ws/install/rosbot/share/rosbot/package.zsh'
[0.864s] Level 1:colcon.colcon_core.environment:create_file_with_runtime_dependencies(/home/zhettus/ros2_ws/install/rosbot/share/colcon-core/packages/rosbot)
[0.864s] Level 1:colcon.colcon_core.environment:create_environment_scripts_only(rosbot)
[0.864s] Level 1:colcon.colcon_core.environment:checking '/home/zhettus/ros2_ws/install/rosbot' for CMake module files
[0.864s] Level 1:colcon.colcon_core.environment:checking '/home/zhettus/ros2_ws/install/rosbot' for CMake config files
[0.864s] Level 1:colcon.colcon_core.shell:create_environment_hook('rosbot', 'cmake_prefix_path')
[0.865s] INFO:colcon.colcon_core.shell:Creating environment hook '/home/zhettus/ros2_ws/install/rosbot/share/rosbot/hook/cmake_prefix_path.ps1'
[0.865s] INFO:colcon.colcon_core.shell:Creating environment descriptor '/home/zhettus/ros2_ws/install/rosbot/share/rosbot/hook/cmake_prefix_path.dsv'
[0.865s] INFO:colcon.colcon_core.shell:Creating environment hook '/home/zhettus/ros2_ws/install/rosbot/share/rosbot/hook/cmake_prefix_path.sh'
[0.865s] Level 1:colcon.colcon_core.environment:checking '/home/zhettus/ros2_ws/install/rosbot/bin'
[0.865s] Level 1:colcon.colcon_core.environment:checking '/home/zhettus/ros2_ws/install/rosbot/lib/pkgconfig/rosbot.pc'
[0.865s] Level 1:colcon.colcon_core.environment:checking '/home/zhettus/ros2_ws/install/rosbot/lib/python3.12/site-packages'
[0.865s] Level 1:colcon.colcon_core.environment:checking '/home/zhettus/ros2_ws/install/rosbot/bin'
[0.866s] INFO:colcon.colcon_core.shell:Creating package script '/home/zhettus/ros2_ws/install/rosbot/share/rosbot/package.ps1'
[0.866s] INFO:colcon.colcon_core.shell:Creating package descriptor '/home/zhettus/ros2_ws/install/rosbot/share/rosbot/package.dsv'
[0.866s] INFO:colcon.colcon_core.shell:Creating package script '/home/zhettus/ros2_ws/install/rosbot/share/rosbot/package.sh'
[0.866s] INFO:colcon.colcon_core.shell:Creating package script '/home/zhettus/ros2_ws/install/rosbot/share/rosbot/package.bash'
[0.866s] INFO:colcon.colcon_core.shell:Creating package script '/home/zhettus/ros2_ws/install/rosbot/share/rosbot/package.zsh'
[0.867s] Level 1:colcon.colcon_core.environment:create_file_with_runtime_dependencies(/home/zhettus/ros2_ws/install/rosbot/share/colcon-core/packages/rosbot)
[0.868s] INFO:colcon.colcon_ros.task.ament_python.build:Building ROS package in '/home/zhettus/ros2_ws/src/rosbot_xl_ros/rosbot_controller' with build type 'ament_python'
[0.868s] Level 1:colcon.colcon_core.shell:create_environment_hook('rosbot_controller', 'ament_prefix_path')
[0.868s] INFO:colcon.colcon_core.shell:Creating environment hook '/home/zhettus/ros2_ws/install/rosbot_controller/share/rosbot_controller/hook/ament_prefix_path.ps1'
[0.868s] INFO:colcon.colcon_core.shell:Creating environment descriptor '/home/zhettus/ros2_ws/install/rosbot_controller/share/rosbot_controller/hook/ament_prefix_path.dsv'
[0.868s] INFO:colcon.colcon_core.shell:Creating environment hook '/home/zhettus/ros2_ws/install/rosbot_controller/share/rosbot_controller/hook/ament_prefix_path.sh'
[0.868s] INFO:colcon.colcon_core.shell:Skip shell extension 'powershell' for command environment: Not usable outside of PowerShell
[0.868s] DEBUG:colcon.colcon_core.shell:Skip shell extension 'dsv' for command environment
[0.879s] DEBUG:colcon.colcon_core.event_handler.log_command:Invoking command in '/home/zhettus/ros2_ws/build/test': CMAKE_PREFIX_PATH=${CMAKE_PREFIX_PATH}:/home/zhettus/rosbot_ws/install/rosbot_controller:/home/zhettus/rosbot_ws/install/rosbot_utils:/home/zhettus/rosbot_ws/install/rosbot_gazebo:/home/zhettus/rosbot_ws/install/rosbot_bringup:/home/zhettus/ros2_ws/install/rosbot_utils:/home/zhettus/ros2_ws/install/rosbot_gazebo:/home/zhettus/ros2_ws/install/rosbot_controller:/home/zhettus/ros2_ws/install/rosbot_bringup:/opt/ros/jazzy /usr/bin/cmake --build /home/zhettus/ros2_ws/build/test -- -j6 -l6
[0.890s] DEBUG:colcon.colcon_core.event_handler.log_command:Invoking command in '/home/zhettus/ros2_ws/build/tutorial_pkg': CMAKE_PREFIX_PATH=${CMAKE_PREFIX_PATH}:/home/zhettus/rosbot_ws/install/rosbot_controller:/home/zhettus/rosbot_ws/install/rosbot_utils:/home/zhettus/rosbot_ws/install/rosbot_gazebo:/home/zhettus/rosbot_ws/install/rosbot_bringup:/home/zhettus/ros2_ws/install/rosbot_utils:/home/zhettus/ros2_ws/install/rosbot_gazebo:/home/zhettus/ros2_ws/install/rosbot_controller:/home/zhettus/ros2_ws/install/rosbot_bringup:/opt/ros/jazzy /usr/bin/cmake /home/zhettus/ros2_ws/src/tutorial_pkg -DCMAKE_INSTALL_PREFIX=/home/zhettus/ros2_ws/install/tutorial_pkg
[1.080s] INFO:colcon.colcon_core.task.python.build:Building Python package in '/home/zhettus/ros2_ws/src/rosbot_xl_ros/rosbot_controller'
[1.080s] INFO:colcon.colcon_core.shell:Skip shell extension 'powershell' for command environment: Not usable outside of PowerShell
[1.080s] DEBUG:colcon.colcon_core.shell:Skip shell extension 'dsv' for command environment
[1.087s] DEBUG:colcon.colcon_core.event_handler.log_command:Invoked command in '/home/zhettus/ros2_ws/build/test' returned '0': CMAKE_PREFIX_PATH=${CMAKE_PREFIX_PATH}:/home/zhettus/rosbot_ws/install/rosbot_controller:/home/zhettus/rosbot_ws/install/rosbot_utils:/home/zhettus/rosbot_ws/install/rosbot_gazebo:/home/zhettus/rosbot_ws/install/rosbot_bringup:/home/zhettus/ros2_ws/install/rosbot_utils:/home/zhettus/ros2_ws/install/rosbot_gazebo:/home/zhettus/ros2_ws/install/rosbot_controller:/home/zhettus/ros2_ws/install/rosbot_bringup:/opt/ros/jazzy /usr/bin/cmake --build /home/zhettus/ros2_ws/build/test -- -j6 -l6
[1.091s] DEBUG:colcon.colcon_core.event_handler.log_command:Invoking command in '/home/zhettus/ros2_ws/build/test': CMAKE_PREFIX_PATH=${CMAKE_PREFIX_PATH}:/home/zhettus/rosbot_ws/install/rosbot_controller:/home/zhettus/rosbot_ws/install/rosbot_utils:/home/zhettus/rosbot_ws/install/rosbot_gazebo:/home/zhettus/rosbot_ws/install/rosbot_bringup:/home/zhettus/ros2_ws/install/rosbot_utils:/home/zhettus/ros2_ws/install/rosbot_gazebo:/home/zhettus/ros2_ws/install/rosbot_controller:/home/zhettus/ros2_ws/install/rosbot_bringup:/opt/ros/jazzy /usr/bin/cmake --install /home/zhettus/ros2_ws/build/test
[1.109s] Level 1:colcon.colcon_core.environment:create_environment_scripts_only(test)
[1.109s] Level 1:colcon.colcon_core.environment:checking '/home/zhettus/ros2_ws/install/test' for CMake module files
[1.109s] Level 1:colcon.colcon_core.environment:checking '/home/zhettus/ros2_ws/install/test' for CMake config files
[1.109s] Level 1:colcon.colcon_core.shell:create_environment_hook('test', 'cmake_prefix_path')
[1.109s] INFO:colcon.colcon_core.shell:Creating environment hook '/home/zhettus/ros2_ws/install/test/share/test/hook/cmake_prefix_path.ps1'
[1.110s] DEBUG:colcon.colcon_core.event_handler.log_command:Invoked command in '/home/zhettus/ros2_ws/build/test' returned '0': CMAKE_PREFIX_PATH=${CMAKE_PREFIX_PATH}:/home/zhettus/rosbot_ws/install/rosbot_controller:/home/zhettus/rosbot_ws/install/rosbot_utils:/home/zhettus/rosbot_ws/install/rosbot_gazebo:/home/zhettus/rosbot_ws/install/rosbot_bringup:/home/zhettus/ros2_ws/install/rosbot_utils:/home/zhettus/ros2_ws/install/rosbot_gazebo:/home/zhettus/ros2_ws/install/rosbot_controller:/home/zhettus/ros2_ws/install/rosbot_bringup:/opt/ros/jazzy /usr/bin/cmake --install /home/zhettus/ros2_ws/build/test
[1.110s] INFO:colcon.colcon_core.shell:Creating environment descriptor '/home/zhettus/ros2_ws/install/test/share/test/hook/cmake_prefix_path.dsv'
[1.114s] INFO:colcon.colcon_core.shell:Creating environment hook '/home/zhettus/ros2_ws/install/test/share/test/hook/cmake_prefix_path.sh'
[1.114s] Level 1:colcon.colcon_core.environment:checking '/home/zhettus/ros2_ws/install/test/lib'
[1.114s] Level 1:colcon.colcon_core.environment:checking '/home/zhettus/ros2_ws/install/test/bin'
[1.114s] Level 1:colcon.colcon_core.environment:checking '/home/zhettus/ros2_ws/install/test/lib/pkgconfig/test.pc'
[1.115s] Level 1:colcon.colcon_core.environment:checking '/home/zhettus/ros2_ws/install/test/lib/python3.12/site-packages'
[1.115s] Level 1:colcon.colcon_core.environment:checking '/home/zhettus/ros2_ws/install/test/bin'
[1.116s] INFO:colcon.colcon_core.shell:Creating package script '/home/zhettus/ros2_ws/install/test/share/test/package.ps1'
[1.117s] INFO:colcon.colcon_core.shell:Creating package descriptor '/home/zhettus/ros2_ws/install/test/share/test/package.dsv'
[1.117s] INFO:colcon.colcon_core.shell:Creating package script '/home/zhettus/ros2_ws/install/test/share/test/package.sh'
[1.123s] INFO:colcon.colcon_core.shell:Creating package script '/home/zhettus/ros2_ws/install/test/share/test/package.bash'
[1.123s] INFO:colcon.colcon_core.shell:Creating package script '/home/zhettus/ros2_ws/install/test/share/test/package.zsh'
[1.123s] Level 1:colcon.colcon_core.environment:create_file_with_runtime_dependencies(/home/zhettus/ros2_ws/install/test/share/colcon-core/packages/test)
[1.124s] Level 1:colcon.colcon_core.environment:create_environment_scripts_only(test)
[1.124s] Level 1:colcon.colcon_core.environment:checking '/home/zhettus/ros2_ws/install/test' for CMake module files
[1.124s] Level 1:colcon.colcon_core.environment:checking '/home/zhettus/ros2_ws/install/test' for CMake config files
[1.124s] Level 1:colcon.colcon_core.shell:create_environment_hook('test', 'cmake_prefix_path')
[1.124s] INFO:colcon.colcon_core.shell:Creating environment hook '/home/zhettus/ros2_ws/install/test/share/test/hook/cmake_prefix_path.ps1'
[1.125s] INFO:colcon.colcon_core.shell:Creating environment descriptor '/home/zhettus/ros2_ws/install/test/share/test/hook/cmake_prefix_path.dsv'
[1.125s] INFO:colcon.colcon_core.shell:Creating environment hook '/home/zhettus/ros2_ws/install/test/share/test/hook/cmake_prefix_path.sh'
[1.127s] Level 1:colcon.colcon_core.environment:checking '/home/zhettus/ros2_ws/install/test/lib'
[1.127s] Level 1:colcon.colcon_core.environment:checking '/home/zhettus/ros2_ws/install/test/bin'
[1.127s] Level 1:colcon.colcon_core.environment:checking '/home/zhettus/ros2_ws/install/test/lib/pkgconfig/test.pc'
[1.127s] Level 1:colcon.colcon_core.environment:checking '/home/zhettus/ros2_ws/install/test/lib/python3.12/site-packages'
[1.127s] Level 1:colcon.colcon_core.environment:checking '/home/zhettus/ros2_ws/install/test/bin'
[1.127s] INFO:colcon.colcon_core.shell:Creating package script '/home/zhettus/ros2_ws/install/test/share/test/package.ps1'
[1.132s] INFO:colcon.colcon_core.shell:Creating package descriptor '/home/zhettus/ros2_ws/install/test/share/test/package.dsv'
[1.132s] INFO:colcon.colcon_core.shell:Creating package script '/home/zhettus/ros2_ws/install/test/share/test/package.sh'
[1.132s] INFO:colcon.colcon_core.shell:Creating package script '/home/zhettus/ros2_ws/install/test/share/test/package.bash'
[1.133s] INFO:colcon.colcon_core.shell:Creating package script '/home/zhettus/ros2_ws/install/test/share/test/package.zsh'
[1.134s] Level 1:colcon.colcon_core.environment:create_file_with_runtime_dependencies(/home/zhettus/ros2_ws/install/test/share/colcon-core/packages/test)
[1.796s] DEBUG:colcon.colcon_core.event_handler.log_command:Invoking command in '/home/zhettus/ros2_ws/src/rosbot_xl_ros/rosbot_utils': PYTHONPATH=/home/zhettus/ros2_ws/build/rosbot_utils/prefix_override:/usr/lib/python3/dist-packages/colcon_core/task/python/colcon_distutils_commands:/home/zhettus/ros2_ws/install/rosbot_utils/lib/python3.12/site-packages:${PYTHONPATH} /usr/bin/python3 -W ignore:setup.py install is deprecated -W ignore:easy_install command is deprecated setup.py egg_info --egg-base ../../../build/rosbot_utils build --build-base /home/zhettus/ros2_ws/build/rosbot_utils/build install --record /home/zhettus/ros2_ws/build/rosbot_utils/install.log --single-version-externally-managed install_data
[1.840s] DEBUG:colcon.colcon_core.event_handler.log_command:Invoking command in '/home/zhettus/ros2_ws/src/rosbot_xl_ros/rosbot_bringup': PYTHONPATH=/home/zhettus/ros2_ws/build/rosbot_bringup/prefix_override:/usr/lib/python3/dist-packages/colcon_core/task/python/colcon_distutils_commands:/home/zhettus/ros2_ws/install/rosbot_bringup/lib/python3.12/site-packages:${PYTHONPATH} /usr/bin/python3 -W ignore:setup.py install is deprecated -W ignore:easy_install command is deprecated setup.py egg_info --egg-base ../../../build/rosbot_bringup build --build-base /home/zhettus/ros2_ws/build/rosbot_bringup/build install --record /home/zhettus/ros2_ws/build/rosbot_bringup/install.log --single-version-externally-managed install_data
[1.845s] DEBUG:colcon.colcon_core.event_handler.log_command:Invoking command in '/home/zhettus/ros2_ws/src/rosbot_xl_ros/rosbot_gazebo': PYTHONPATH=/home/zhettus/ros2_ws/build/rosbot_gazebo/prefix_override:/usr/lib/python3/dist-packages/colcon_core/task/python/colcon_distutils_commands:/home/zhettus/ros2_ws/install/rosbot_gazebo/lib/python3.12/site-packages:${PYTHONPATH} /usr/bin/python3 -W ignore:setup.py install is deprecated -W ignore:easy_install command is deprecated setup.py egg_info --egg-base ../../../build/rosbot_gazebo build --build-base /home/zhettus/ros2_ws/build/rosbot_gazebo/build install --record /home/zhettus/ros2_ws/build/rosbot_gazebo/install.log --single-version-externally-managed install_data
[1.959s] DEBUG:colcon.colcon_core.event_handler.log_command:Invoking command in '/home/zhettus/ros2_ws/src/rosbot_xl_ros/rosbot_controller': CMAKE_PREFIX_PATH=/home/zhettus/ros2_ws/install/rosbot_description:/home/zhettus/rosbot_ws/install/rosbot_localization:/home/zhettus/rosbot_ws/install/rosbot_joy:/home/zhettus/rosbot_ws/install/rosbot_hardware_interfaces:/home/zhettus/rosbot_ws/install/rosbot_description:/home/zhettus/rosbot_ws/install/rosbot:/home/zhettus/rosbot_ws/install/husarion_gz_worlds:/home/zhettus/ros2_ws/install/tutorial_pkg:/home/zhettus/ros2_ws/install/test:/home/zhettus/ros2_ws/install/rosbot:/home/zhettus/ros2_ws/install/husarion_gz_worlds:/opt/ros/jazzy/opt/gz_sim_vendor:/opt/ros/jazzy/opt/gz_sensors_vendor:/opt/ros/jazzy/opt/gz_physics_vendor:/opt/ros/jazzy/opt/sdformat_vendor:/opt/ros/jazzy/opt/gz_gui_vendor:/opt/ros/jazzy/opt/gz_transport_vendor:/opt/ros/jazzy/opt/gz_rendering_vendor:/opt/ros/jazzy/opt/gz_plugin_vendor:/opt/ros/jazzy/opt/gz_fuel_tools_vendor:/opt/ros/jazzy/opt/gz_msgs_vendor:/opt/ros/jazzy/opt/gz_common_vendor:/opt/ros/jazzy/opt/gz_math_vendor:/opt/ros/jazzy/opt/gz_utils_vendor:/opt/ros/jazzy/opt/gz_tools_vendor:/opt/ros/jazzy/opt/gz_ogre_next_vendor:/opt/ros/jazzy/opt/gz_dartsim_vendor:/opt/ros/jazzy/opt/gz_cmake_vendor PYTHONPATH=/home/zhettus/ros2_ws/build/rosbot_controller/prefix_override:/usr/lib/python3/dist-packages/colcon_core/task/python/colcon_distutils_commands:/home/zhettus/ros2_ws/install/rosbot_controller/lib/python3.12/site-packages:${PYTHONPATH} /usr/bin/python3 -W ignore:setup.py install is deprecated -W ignore:easy_install command is deprecated setup.py egg_info --egg-base ../../../build/rosbot_controller build --build-base /home/zhettus/ros2_ws/build/rosbot_controller/build install --record /home/zhettus/ros2_ws/build/rosbot_controller/install.log --single-version-externally-managed install_data
[2.091s] DEBUG:colcon.colcon_core.event_handler.log_command:Invoked command in '/home/zhettus/ros2_ws/build/tutorial_pkg' returned '0': CMAKE_PREFIX_PATH=${CMAKE_PREFIX_PATH}:/home/zhettus/rosbot_ws/install/rosbot_controller:/home/zhettus/rosbot_ws/install/rosbot_utils:/home/zhettus/rosbot_ws/install/rosbot_gazebo:/home/zhettus/rosbot_ws/install/rosbot_bringup:/home/zhettus/ros2_ws/install/rosbot_utils:/home/zhettus/ros2_ws/install/rosbot_gazebo:/home/zhettus/ros2_ws/install/rosbot_controller:/home/zhettus/ros2_ws/install/rosbot_bringup:/opt/ros/jazzy /usr/bin/cmake /home/zhettus/ros2_ws/src/tutorial_pkg -DCMAKE_INSTALL_PREFIX=/home/zhettus/ros2_ws/install/tutorial_pkg
[2.091s] DEBUG:colcon.colcon_core.event_handler.log_command:Invoking command in '/home/zhettus/ros2_ws/build/tutorial_pkg': CMAKE_PREFIX_PATH=${CMAKE_PREFIX_PATH}:/home/zhettus/rosbot_ws/install/rosbot_controller:/home/zhettus/rosbot_ws/install/rosbot_utils:/home/zhettus/rosbot_ws/install/rosbot_gazebo:/home/zhettus/rosbot_ws/install/rosbot_bringup:/home/zhettus/ros2_ws/install/rosbot_utils:/home/zhettus/ros2_ws/install/rosbot_gazebo:/home/zhettus/ros2_ws/install/rosbot_controller:/home/zhettus/ros2_ws/install/rosbot_bringup:/opt/ros/jazzy /usr/bin/cmake --build /home/zhettus/ros2_ws/build/tutorial_pkg -- -j6 -l6
[2.138s] DEBUG:colcon.colcon_core.event_handler.log_command:Invoked command in '/home/zhettus/ros2_ws/build/tutorial_pkg' returned '0': CMAKE_PREFIX_PATH=${CMAKE_PREFIX_PATH}:/home/zhettus/rosbot_ws/install/rosbot_controller:/home/zhettus/rosbot_ws/install/rosbot_utils:/home/zhettus/rosbot_ws/install/rosbot_gazebo:/home/zhettus/rosbot_ws/install/rosbot_bringup:/home/zhettus/ros2_ws/install/rosbot_utils:/home/zhettus/ros2_ws/install/rosbot_gazebo:/home/zhettus/ros2_ws/install/rosbot_controller:/home/zhettus/ros2_ws/install/rosbot_bringup:/opt/ros/jazzy /usr/bin/cmake --build /home/zhettus/ros2_ws/build/tutorial_pkg -- -j6 -l6
[2.140s] DEBUG:colcon.colcon_core.event_handler.log_command:Invoking command in '/home/zhettus/ros2_ws/build/tutorial_pkg': CMAKE_PREFIX_PATH=${CMAKE_PREFIX_PATH}:/home/zhettus/rosbot_ws/install/rosbot_controller:/home/zhettus/rosbot_ws/install/rosbot_utils:/home/zhettus/rosbot_ws/install/rosbot_gazebo:/home/zhettus/rosbot_ws/install/rosbot_bringup:/home/zhettus/ros2_ws/install/rosbot_utils:/home/zhettus/ros2_ws/install/rosbot_gazebo:/home/zhettus/ros2_ws/install/rosbot_controller:/home/zhettus/ros2_ws/install/rosbot_bringup:/opt/ros/jazzy /usr/bin/cmake --install /home/zhettus/ros2_ws/build/tutorial_pkg
[2.222s] Level 1:colcon.colcon_core.environment:create_environment_scripts_only(tutorial_pkg)
[2.222s] Level 1:colcon.colcon_core.environment:checking '/home/zhettus/ros2_ws/install/tutorial_pkg' for CMake module files
[2.223s] Level 1:colcon.colcon_core.environment:checking '/home/zhettus/ros2_ws/install/tutorial_pkg' for CMake config files
[2.222s] DEBUG:colcon.colcon_core.event_handler.log_command:Invoked command in '/home/zhettus/ros2_ws/build/tutorial_pkg' returned '0': CMAKE_PREFIX_PATH=${CMAKE_PREFIX_PATH}:/home/zhettus/rosbot_ws/install/rosbot_controller:/home/zhettus/rosbot_ws/install/rosbot_utils:/home/zhettus/rosbot_ws/install/rosbot_gazebo:/home/zhettus/rosbot_ws/install/rosbot_bringup:/home/zhettus/ros2_ws/install/rosbot_utils:/home/zhettus/ros2_ws/install/rosbot_gazebo:/home/zhettus/ros2_ws/install/rosbot_controller:/home/zhettus/ros2_ws/install/rosbot_bringup:/opt/ros/jazzy /usr/bin/cmake --install /home/zhettus/ros2_ws/build/tutorial_pkg
[2.223s] Level 1:colcon.colcon_core.shell:create_environment_hook('tutorial_pkg', 'cmake_prefix_path')
[2.223s] INFO:colcon.colcon_core.shell:Creating environment hook '/home/zhettus/ros2_ws/install/tutorial_pkg/share/tutorial_pkg/hook/cmake_prefix_path.ps1'
[2.224s] INFO:colcon.colcon_core.shell:Creating environment descriptor '/home/zhettus/ros2_ws/install/tutorial_pkg/share/tutorial_pkg/hook/cmake_prefix_path.dsv'
[2.224s] INFO:colcon.colcon_core.shell:Creating environment hook '/home/zhettus/ros2_ws/install/tutorial_pkg/share/tutorial_pkg/hook/cmake_prefix_path.sh'
[2.224s] Level 1:colcon.colcon_core.environment:checking '/home/zhettus/ros2_ws/install/tutorial_pkg/bin'
[2.224s] Level 1:colcon.colcon_core.environment:checking '/home/zhettus/ros2_ws/install/tutorial_pkg/lib/pkgconfig/tutorial_pkg.pc'
[2.224s] Level 1:colcon.colcon_core.environment:checking '/home/zhettus/ros2_ws/install/tutorial_pkg/lib/python3.12/site-packages'
[2.225s] Level 1:colcon.colcon_core.environment:checking '/home/zhettus/ros2_ws/install/tutorial_pkg/bin'
[2.225s] INFO:colcon.colcon_core.shell:Creating package script '/home/zhettus/ros2_ws/install/tutorial_pkg/share/tutorial_pkg/package.ps1'
[2.225s] INFO:colcon.colcon_core.shell:Creating package descriptor '/home/zhettus/ros2_ws/install/tutorial_pkg/share/tutorial_pkg/package.dsv'
[2.226s] INFO:colcon.colcon_core.shell:Creating package script '/home/zhettus/ros2_ws/install/tutorial_pkg/share/tutorial_pkg/package.sh'
[2.226s] INFO:colcon.colcon_core.shell:Creating package script '/home/zhettus/ros2_ws/install/tutorial_pkg/share/tutorial_pkg/package.bash'
[2.226s] INFO:colcon.colcon_core.shell:Creating package script '/home/zhettus/ros2_ws/install/tutorial_pkg/share/tutorial_pkg/package.zsh'
[2.227s] Level 1:colcon.colcon_core.environment:create_file_with_runtime_dependencies(/home/zhettus/ros2_ws/install/tutorial_pkg/share/colcon-core/packages/tutorial_pkg)
[2.227s] Level 1:colcon.colcon_core.environment:create_environment_scripts_only(tutorial_pkg)
[2.227s] Level 1:colcon.colcon_core.environment:checking '/home/zhettus/ros2_ws/install/tutorial_pkg' for CMake module files
[2.227s] Level 1:colcon.colcon_core.environment:checking '/home/zhettus/ros2_ws/install/tutorial_pkg' for CMake config files
[2.228s] Level 1:colcon.colcon_core.shell:create_environment_hook('tutorial_pkg', 'cmake_prefix_path')
[2.228s] INFO:colcon.colcon_core.shell:Creating environment hook '/home/zhettus/ros2_ws/install/tutorial_pkg/share/tutorial_pkg/hook/cmake_prefix_path.ps1'
[2.228s] INFO:colcon.colcon_core.shell:Creating environment descriptor '/home/zhettus/ros2_ws/install/tutorial_pkg/share/tutorial_pkg/hook/cmake_prefix_path.dsv'
[2.228s] INFO:colcon.colcon_core.shell:Creating environment hook '/home/zhettus/ros2_ws/install/tutorial_pkg/share/tutorial_pkg/hook/cmake_prefix_path.sh'
[2.228s] Level 1:colcon.colcon_core.environment:checking '/home/zhettus/ros2_ws/install/tutorial_pkg/bin'
[2.228s] Level 1:colcon.colcon_core.environment:checking '/home/zhettus/ros2_ws/install/tutorial_pkg/lib/pkgconfig/tutorial_pkg.pc'
[2.229s] Level 1:colcon.colcon_core.environment:checking '/home/zhettus/ros2_ws/install/tutorial_pkg/lib/python3.12/site-packages'
[2.229s] Level 1:colcon.colcon_core.environment:checking '/home/zhettus/ros2_ws/install/tutorial_pkg/bin'
[2.229s] INFO:colcon.colcon_core.shell:Creating package script '/home/zhettus/ros2_ws/install/tutorial_pkg/share/tutorial_pkg/package.ps1'
[2.229s] INFO:colcon.colcon_core.shell:Creating package descriptor '/home/zhettus/ros2_ws/install/tutorial_pkg/share/tutorial_pkg/package.dsv'
[2.230s] INFO:colcon.colcon_core.shell:Creating package script '/home/zhettus/ros2_ws/install/tutorial_pkg/share/tutorial_pkg/package.sh'
[2.230s] INFO:colcon.colcon_core.shell:Creating package script '/home/zhettus/ros2_ws/install/tutorial_pkg/share/tutorial_pkg/package.bash'
[2.231s] INFO:colcon.colcon_core.shell:Creating package script '/home/zhettus/ros2_ws/install/tutorial_pkg/share/tutorial_pkg/package.zsh'
[2.231s] Level 1:colcon.colcon_core.environment:create_file_with_runtime_dependencies(/home/zhettus/ros2_ws/install/tutorial_pkg/share/colcon-core/packages/tutorial_pkg)
[2.355s] Level 1:colcon.colcon_core.environment:checking '/home/zhettus/ros2_ws/install/rosbot_bringup' for CMake module files
[2.358s] Level 1:colcon.colcon_core.environment:checking '/home/zhettus/ros2_ws/install/rosbot_bringup' for CMake config files
[2.358s] Level 1:colcon.colcon_core.environment:checking '/home/zhettus/ros2_ws/install/rosbot_bringup/lib'
[2.358s] Level 1:colcon.colcon_core.environment:checking '/home/zhettus/ros2_ws/install/rosbot_bringup/bin'
[2.358s] Level 1:colcon.colcon_core.environment:checking '/home/zhettus/ros2_ws/install/rosbot_bringup/lib/pkgconfig/rosbot_bringup.pc'
[2.358s] Level 1:colcon.colcon_core.environment:checking '/home/zhettus/ros2_ws/install/rosbot_bringup/lib/python3.12/site-packages'
[2.358s] Level 1:colcon.colcon_core.shell:create_environment_hook('rosbot_bringup', 'pythonpath')
[2.358s] INFO:colcon.colcon_core.shell:Creating environment hook '/home/zhettus/ros2_ws/install/rosbot_bringup/share/rosbot_bringup/hook/pythonpath.ps1'
[2.359s] INFO:colcon.colcon_core.shell:Creating environment descriptor '/home/zhettus/ros2_ws/install/rosbot_bringup/share/rosbot_bringup/hook/pythonpath.dsv'
[2.359s] INFO:colcon.colcon_core.shell:Creating environment hook '/home/zhettus/ros2_ws/install/rosbot_bringup/share/rosbot_bringup/hook/pythonpath.sh'
[2.360s] Level 1:colcon.colcon_core.environment:checking '/home/zhettus/ros2_ws/install/rosbot_bringup/bin'
[2.361s] Level 1:colcon.colcon_core.environment:create_environment_scripts_only(rosbot_bringup)
[2.361s] DEBUG:colcon.colcon_core.event_handler.log_command:Invoked command in '/home/zhettus/ros2_ws/src/rosbot_xl_ros/rosbot_bringup' returned '0': PYTHONPATH=/home/zhettus/ros2_ws/build/rosbot_bringup/prefix_override:/usr/lib/python3/dist-packages/colcon_core/task/python/colcon_distutils_commands:/home/zhettus/ros2_ws/install/rosbot_bringup/lib/python3.12/site-packages:${PYTHONPATH} /usr/bin/python3 -W ignore:setup.py install is deprecated -W ignore:easy_install command is deprecated setup.py egg_info --egg-base ../../../build/rosbot_bringup build --build-base /home/zhettus/ros2_ws/build/rosbot_bringup/build install --record /home/zhettus/ros2_ws/build/rosbot_bringup/install.log --single-version-externally-managed install_data
[2.361s] INFO:colcon.colcon_core.shell:Creating package script '/home/zhettus/ros2_ws/install/rosbot_bringup/share/rosbot_bringup/package.ps1'
[2.362s] INFO:colcon.colcon_core.shell:Creating package descriptor '/home/zhettus/ros2_ws/install/rosbot_bringup/share/rosbot_bringup/package.dsv'
[2.364s] INFO:colcon.colcon_core.shell:Creating package script '/home/zhettus/ros2_ws/install/rosbot_bringup/share/rosbot_bringup/package.sh'
[2.365s] INFO:colcon.colcon_core.shell:Creating package script '/home/zhettus/ros2_ws/install/rosbot_bringup/share/rosbot_bringup/package.bash'
[2.365s] INFO:colcon.colcon_core.shell:Creating package script '/home/zhettus/ros2_ws/install/rosbot_bringup/share/rosbot_bringup/package.zsh'
[2.366s] Level 1:colcon.colcon_core.environment:create_file_with_runtime_dependencies(/home/zhettus/ros2_ws/install/rosbot_bringup/share/colcon-core/packages/rosbot_bringup)
[2.396s] Level 1:colcon.colcon_core.environment:checking '/home/zhettus/ros2_ws/install/rosbot_utils' for CMake module files
[2.396s] DEBUG:colcon.colcon_core.event_handler.log_command:Invoked command in '/home/zhettus/ros2_ws/src/rosbot_xl_ros/rosbot_utils' returned '0': PYTHONPATH=/home/zhettus/ros2_ws/build/rosbot_utils/prefix_override:/usr/lib/python3/dist-packages/colcon_core/task/python/colcon_distutils_commands:/home/zhettus/ros2_ws/install/rosbot_utils/lib/python3.12/site-packages:${PYTHONPATH} /usr/bin/python3 -W ignore:setup.py install is deprecated -W ignore:easy_install command is deprecated setup.py egg_info --egg-base ../../../build/rosbot_utils build --build-base /home/zhettus/ros2_ws/build/rosbot_utils/build install --record /home/zhettus/ros2_ws/build/rosbot_utils/install.log --single-version-externally-managed install_data
[2.397s] Level 1:colcon.colcon_core.environment:checking '/home/zhettus/ros2_ws/install/rosbot_utils' for CMake config files
[2.398s] Level 1:colcon.colcon_core.environment:checking '/home/zhettus/ros2_ws/install/rosbot_utils/lib'
[2.398s] Level 1:colcon.colcon_core.environment:checking '/home/zhettus/ros2_ws/install/rosbot_utils/bin'
[2.398s] Level 1:colcon.colcon_core.environment:checking '/home/zhettus/ros2_ws/install/rosbot_utils/lib/pkgconfig/rosbot_utils.pc'
[2.398s] Level 1:colcon.colcon_core.environment:checking '/home/zhettus/ros2_ws/install/rosbot_utils/lib/python3.12/site-packages'
[2.398s] Level 1:colcon.colcon_core.shell:create_environment_hook('rosbot_utils', 'pythonpath')
[2.398s] INFO:colcon.colcon_core.shell:Creating environment hook '/home/zhettus/ros2_ws/install/rosbot_utils/share/rosbot_utils/hook/pythonpath.ps1'
[2.402s] INFO:colcon.colcon_core.shell:Creating environment descriptor '/home/zhettus/ros2_ws/install/rosbot_utils/share/rosbot_utils/hook/pythonpath.dsv'
[2.403s] INFO:colcon.colcon_core.shell:Creating environment hook '/home/zhettus/ros2_ws/install/rosbot_utils/share/rosbot_utils/hook/pythonpath.sh'
[2.406s] Level 1:colcon.colcon_core.environment:checking '/home/zhettus/ros2_ws/install/rosbot_utils/bin'
[2.406s] Level 1:colcon.colcon_core.environment:create_environment_scripts_only(rosbot_utils)
[2.406s] INFO:colcon.colcon_core.shell:Creating package script '/home/zhettus/ros2_ws/install/rosbot_utils/share/rosbot_utils/package.ps1'
[2.407s] INFO:colcon.colcon_core.shell:Creating package descriptor '/home/zhettus/ros2_ws/install/rosbot_utils/share/rosbot_utils/package.dsv'
[2.408s] INFO:colcon.colcon_core.shell:Creating package script '/home/zhettus/ros2_ws/install/rosbot_utils/share/rosbot_utils/package.sh'
[2.409s] INFO:colcon.colcon_core.shell:Creating package script '/home/zhettus/ros2_ws/install/rosbot_utils/share/rosbot_utils/package.bash'
[2.411s] INFO:colcon.colcon_core.shell:Creating package script '/home/zhettus/ros2_ws/install/rosbot_utils/share/rosbot_utils/package.zsh'
[2.411s] Level 1:colcon.colcon_core.environment:create_file_with_runtime_dependencies(/home/zhettus/ros2_ws/install/rosbot_utils/share/colcon-core/packages/rosbot_utils)
[2.413s] Level 1:colcon.colcon_core.environment:checking '/home/zhettus/ros2_ws/install/rosbot_gazebo' for CMake module files
[2.415s] DEBUG:colcon.colcon_core.event_handler.log_command:Invoked command in '/home/zhettus/ros2_ws/src/rosbot_xl_ros/rosbot_gazebo' returned '0': PYTHONPATH=/home/zhettus/ros2_ws/build/rosbot_gazebo/prefix_override:/usr/lib/python3/dist-packages/colcon_core/task/python/colcon_distutils_commands:/home/zhettus/ros2_ws/install/rosbot_gazebo/lib/python3.12/site-packages:${PYTHONPATH} /usr/bin/python3 -W ignore:setup.py install is deprecated -W ignore:easy_install command is deprecated setup.py egg_info --egg-base ../../../build/rosbot_gazebo build --build-base /home/zhettus/ros2_ws/build/rosbot_gazebo/build install --record /home/zhettus/ros2_ws/build/rosbot_gazebo/install.log --single-version-externally-managed install_data
[2.415s] Level 1:colcon.colcon_core.environment:checking '/home/zhettus/ros2_ws/install/rosbot_gazebo' for CMake config files
[2.415s] Level 1:colcon.colcon_core.environment:checking '/home/zhettus/ros2_ws/install/rosbot_gazebo/lib'
[2.417s] Level 1:colcon.colcon_core.environment:checking '/home/zhettus/ros2_ws/install/rosbot_gazebo/bin'
[2.418s] Level 1:colcon.colcon_core.environment:checking '/home/zhettus/ros2_ws/install/rosbot_gazebo/lib/pkgconfig/rosbot_gazebo.pc'
[2.418s] Level 1:colcon.colcon_core.environment:checking '/home/zhettus/ros2_ws/install/rosbot_gazebo/lib/python3.12/site-packages'
[2.418s] Level 1:colcon.colcon_core.shell:create_environment_hook('rosbot_gazebo', 'pythonpath')
[2.418s] INFO:colcon.colcon_core.shell:Creating environment hook '/home/zhettus/ros2_ws/install/rosbot_gazebo/share/rosbot_gazebo/hook/pythonpath.ps1'
[2.418s] INFO:colcon.colcon_core.shell:Creating environment descriptor '/home/zhettus/ros2_ws/install/rosbot_gazebo/share/rosbot_gazebo/hook/pythonpath.dsv'
[2.419s] INFO:colcon.colcon_core.shell:Creating environment hook '/home/zhettus/ros2_ws/install/rosbot_gazebo/share/rosbot_gazebo/hook/pythonpath.sh'
[2.419s] Level 1:colcon.colcon_core.environment:checking '/home/zhettus/ros2_ws/install/rosbot_gazebo/bin'
[2.419s] Level 1:colcon.colcon_core.environment:create_environment_scripts_only(rosbot_gazebo)
[2.419s] INFO:colcon.colcon_core.shell:Creating package script '/home/zhettus/ros2_ws/install/rosbot_gazebo/share/rosbot_gazebo/package.ps1'
[2.420s] INFO:colcon.colcon_core.shell:Creating package descriptor '/home/zhettus/ros2_ws/install/rosbot_gazebo/share/rosbot_gazebo/package.dsv'
[2.421s] INFO:colcon.colcon_core.shell:Creating package script '/home/zhettus/ros2_ws/install/rosbot_gazebo/share/rosbot_gazebo/package.sh'
[2.421s] INFO:colcon.colcon_core.shell:Creating package script '/home/zhettus/ros2_ws/install/rosbot_gazebo/share/rosbot_gazebo/package.bash'
[2.421s] INFO:colcon.colcon_core.shell:Creating package script '/home/zhettus/ros2_ws/install/rosbot_gazebo/share/rosbot_gazebo/package.zsh'
[2.422s] Level 1:colcon.colcon_core.environment:create_file_with_runtime_dependencies(/home/zhettus/ros2_ws/install/rosbot_gazebo/share/colcon-core/packages/rosbot_gazebo)
[2.476s] Level 1:colcon.colcon_core.environment:checking '/home/zhettus/ros2_ws/install/rosbot_controller' for CMake module files
[2.477s] DEBUG:colcon.colcon_core.event_handler.log_command:Invoked command in '/home/zhettus/ros2_ws/src/rosbot_xl_ros/rosbot_controller' returned '0': CMAKE_PREFIX_PATH=/home/zhettus/ros2_ws/install/rosbot_description:/home/zhettus/rosbot_ws/install/rosbot_localization:/home/zhettus/rosbot_ws/install/rosbot_joy:/home/zhettus/rosbot_ws/install/rosbot_hardware_interfaces:/home/zhettus/rosbot_ws/install/rosbot_description:/home/zhettus/rosbot_ws/install/rosbot:/home/zhettus/rosbot_ws/install/husarion_gz_worlds:/home/zhettus/ros2_ws/install/tutorial_pkg:/home/zhettus/ros2_ws/install/test:/home/zhettus/ros2_ws/install/rosbot:/home/zhettus/ros2_ws/install/husarion_gz_worlds:/opt/ros/jazzy/opt/gz_sim_vendor:/opt/ros/jazzy/opt/gz_sensors_vendor:/opt/ros/jazzy/opt/gz_physics_vendor:/opt/ros/jazzy/opt/sdformat_vendor:/opt/ros/jazzy/opt/gz_gui_vendor:/opt/ros/jazzy/opt/gz_transport_vendor:/opt/ros/jazzy/opt/gz_rendering_vendor:/opt/ros/jazzy/opt/gz_plugin_vendor:/opt/ros/jazzy/opt/gz_fuel_tools_vendor:/opt/ros/jazzy/opt/gz_msgs_vendor:/opt/ros/jazzy/opt/gz_common_vendor:/opt/ros/jazzy/opt/gz_math_vendor:/opt/ros/jazzy/opt/gz_utils_vendor:/opt/ros/jazzy/opt/gz_tools_vendor:/opt/ros/jazzy/opt/gz_ogre_next_vendor:/opt/ros/jazzy/opt/gz_dartsim_vendor:/opt/ros/jazzy/opt/gz_cmake_vendor PYTHONPATH=/home/zhettus/ros2_ws/build/rosbot_controller/prefix_override:/usr/lib/python3/dist-packages/colcon_core/task/python/colcon_distutils_commands:/home/zhettus/ros2_ws/install/rosbot_controller/lib/python3.12/site-packages:${PYTHONPATH} /usr/bin/python3 -W ignore:setup.py install is deprecated -W ignore:easy_install command is deprecated setup.py egg_info --egg-base ../../../build/rosbot_controller build --build-base /home/zhettus/ros2_ws/build/rosbot_controller/build install --record /home/zhettus/ros2_ws/build/rosbot_controller/install.log --single-version-externally-managed install_data
[2.477s] Level 1:colcon.colcon_core.environment:checking '/home/zhettus/ros2_ws/install/rosbot_controller' for CMake config files
[2.478s] Level 1:colcon.colcon_core.environment:checking '/home/zhettus/ros2_ws/install/rosbot_controller/lib'
[2.478s] Level 1:colcon.colcon_core.environment:checking '/home/zhettus/ros2_ws/install/rosbot_controller/bin'
[2.478s] Level 1:colcon.colcon_core.environment:checking '/home/zhettus/ros2_ws/install/rosbot_controller/lib/pkgconfig/rosbot_controller.pc'
[2.478s] Level 1:colcon.colcon_core.environment:checking '/home/zhettus/ros2_ws/install/rosbot_controller/lib/python3.12/site-packages'
[2.478s] Level 1:colcon.colcon_core.shell:create_environment_hook('rosbot_controller', 'pythonpath')
[2.478s] INFO:colcon.colcon_core.shell:Creating environment hook '/home/zhettus/ros2_ws/install/rosbot_controller/share/rosbot_controller/hook/pythonpath.ps1'
[2.479s] INFO:colcon.colcon_core.shell:Creating environment descriptor '/home/zhettus/ros2_ws/install/rosbot_controller/share/rosbot_controller/hook/pythonpath.dsv'
[2.479s] INFO:colcon.colcon_core.shell:Creating environment hook '/home/zhettus/ros2_ws/install/rosbot_controller/share/rosbot_controller/hook/pythonpath.sh'
[2.479s] Level 1:colcon.colcon_core.environment:checking '/home/zhettus/ros2_ws/install/rosbot_controller/bin'
[2.479s] Level 1:colcon.colcon_core.environment:create_environment_scripts_only(rosbot_controller)
[2.479s] INFO:colcon.colcon_core.shell:Creating package script '/home/zhettus/ros2_ws/install/rosbot_controller/share/rosbot_controller/package.ps1'
[2.480s] INFO:colcon.colcon_core.shell:Creating package descriptor '/home/zhettus/ros2_ws/install/rosbot_controller/share/rosbot_controller/package.dsv'
[2.480s] INFO:colcon.colcon_core.shell:Creating package script '/home/zhettus/ros2_ws/install/rosbot_controller/share/rosbot_controller/package.sh'
[2.480s] INFO:colcon.colcon_core.shell:Creating package script '/home/zhettus/ros2_ws/install/rosbot_controller/share/rosbot_controller/package.bash'
[2.480s] INFO:colcon.colcon_core.shell:Creating package script '/home/zhettus/ros2_ws/install/rosbot_controller/share/rosbot_controller/package.zsh'
[2.480s] Level 1:colcon.colcon_core.environment:create_file_with_runtime_dependencies(/home/zhettus/ros2_ws/install/rosbot_controller/share/colcon-core/packages/rosbot_controller)
[2.480s] DEBUG:colcon.colcon_parallel_executor.executor.parallel:closing loop
[2.481s] DEBUG:colcon.colcon_parallel_executor.executor.parallel:loop closed
[2.481s] DEBUG:colcon.colcon_parallel_executor.executor.parallel:run_until_complete finished with '0'
[2.481s] DEBUG:colcon.colcon_core.event_reactor:joining thread
[2.487s] INFO:colcon.colcon_core.plugin_system:Skipping extension 'colcon_notification.desktop_notification.terminal_notifier': Not used on non-Darwin systems
[2.487s] INFO:colcon.colcon_core.plugin_system:Skipping extension 'colcon_notification.desktop_notification.win32': Not used on non-Windows systems
[2.487s] INFO:colcon.colcon_notification.desktop_notification:Sending desktop notification using 'notify2'
[2.532s] DEBUG:colcon.colcon_core.event_reactor:joined thread
[2.533s] INFO:colcon.colcon_core.shell:Creating prefix script '/home/zhettus/ros2_ws/install/local_setup.ps1'
[2.535s] INFO:colcon.colcon_core.shell:Creating prefix util module '/home/zhettus/ros2_ws/install/_local_setup_util_ps1.py'
[2.537s] INFO:colcon.colcon_core.shell:Creating prefix chain script '/home/zhettus/ros2_ws/install/setup.ps1'
[2.543s] INFO:colcon.colcon_core.shell:Creating prefix script '/home/zhettus/ros2_ws/install/local_setup.sh'
[2.544s] INFO:colcon.colcon_core.shell:Creating prefix util module '/home/zhettus/ros2_ws/install/_local_setup_util_sh.py'
[2.547s] INFO:colcon.colcon_core.shell:Creating prefix chain script '/home/zhettus/ros2_ws/install/setup.sh'
[2.548s] INFO:colcon.colcon_core.shell:Creating prefix script '/home/zhettus/ros2_ws/install/local_setup.bash'
[2.550s] INFO:colcon.colcon_core.shell:Creating prefix chain script '/home/zhettus/ros2_ws/install/setup.bash'
[2.554s] INFO:colcon.colcon_core.shell:Creating prefix script '/home/zhettus/ros2_ws/install/local_setup.zsh'
[2.555s] INFO:colcon.colcon_core.shell:Creating prefix chain script '/home/zhettus/ros2_ws/install/setup.zsh'
