[0.111s] DEBUG:colcon:Command line arguments: ['/usr/bin/colcon', 'build']
[0.111s] DEBUG:colcon:Parsed command line arguments: Namespace(log_base=None, log_level=None, verb_name='build', build_base='build', install_base='install', merge_install=False, symlink_install=False, test_result_base=None, continue_on_error=False, executor='parallel', parallel_workers=6, event_handlers=None, ignore_user_meta=False, metas=['./colcon.meta'], base_paths=['.'], packages_ignore=None, packages_ignore_regex=None, paths=None, packages_up_to=None, packages_up_to_regex=None, packages_above=None, packages_above_and_dependencies=None, packages_above_depth=None, packages_select_by_dep=None, packages_skip_by_dep=None, packages_skip_up_to=None, packages_select_build_failed=False, packages_skip_build_finished=False, packages_select_test_failures=False, packages_skip_test_passed=False, packages_select=None, packages_skip=None, packages_select_regex=None, packages_skip_regex=None, packages_start=None, packages_end=None, allow_overriding=[], cmake_args=None, cmake_target=None, cmake_target_skip_unavailable=False, cmake_clean_cache=False, cmake_clean_first=False, cmake_force_configure=False, ament_cmake_args=None, catkin_cmake_args=None, catkin_skip_building_tests=False, verb_parser=<colcon_defaults.argument_parser.defaults.DefaultArgumentsDecorator object at 0xf19b7cd4c050>, verb_extension=<colcon_core.verb.build.BuildVerb object at 0xf19b7cd0fd70>, main=<bound method BuildVerb.main of <colcon_core.verb.build.BuildVerb object at 0xf19b7cd0fd70>>)
[0.140s] Level 1:colcon.colcon_core.package_discovery:discover_packages(colcon_meta) check parameters
[0.140s] Level 1:colcon.colcon_core.package_discovery:discover_packages(recursive) check parameters
[0.140s] Level 1:colcon.colcon_core.package_discovery:discover_packages(ignore) check parameters
[0.140s] Level 1:colcon.colcon_core.package_discovery:discover_packages(path) check parameters
[0.140s] Level 1:colcon.colcon_core.package_discovery:discover_packages(colcon_meta) discover
[0.140s] Level 1:colcon.colcon_core.package_discovery:discover_packages(recursive) discover
[0.140s] INFO:colcon.colcon_core.package_discovery:Crawling recursively for packages in '/home/zhettus/ros2_ws'
[0.140s] Level 1:colcon.colcon_core.package_identification:_identify(.) by extensions ['ignore', 'ignore_ament_install']
[0.140s] Level 1:colcon.colcon_core.package_identification:_identify(.) by extension 'ignore'
[0.141s] Level 1:colcon.colcon_core.package_identification:_identify(.) by extension 'ignore_ament_install'
[0.141s] Level 1:colcon.colcon_core.package_identification:_identify(.) by extensions ['colcon_pkg']
[0.141s] Level 1:colcon.colcon_core.package_identification:_identify(.) by extension 'colcon_pkg'
[0.141s] Level 1:colcon.colcon_core.package_identification:_identify(.) by extensions ['colcon_meta']
[0.141s] Level 1:colcon.colcon_core.package_identification:_identify(.) by extension 'colcon_meta'
[0.141s] Level 1:colcon.colcon_core.package_identification:_identify(.) by extensions ['ros']
[0.141s] Level 1:colcon.colcon_core.package_identification:_identify(.) by extension 'ros'
[0.160s] Level 1:colcon.colcon_core.package_identification:_identify(.) by extensions ['cmake', 'python']
[0.160s] Level 1:colcon.colcon_core.package_identification:_identify(.) by extension 'cmake'
[0.160s] Level 1:colcon.colcon_core.package_identification:_identify(.) by extension 'python'
[0.160s] Level 1:colcon.colcon_core.package_identification:_identify(.) by extensions ['python_setup_py']
[0.160s] Level 1:colcon.colcon_core.package_identification:_identify(.) by extension 'python_setup_py'
[0.160s] Level 1:colcon.colcon_core.package_identification:_identify(__pycache__) by extensions ['ignore', 'ignore_ament_install']
[0.160s] Level 1:colcon.colcon_core.package_identification:_identify(__pycache__) by extension 'ignore'
[0.160s] Level 1:colcon.colcon_core.package_identification:_identify(__pycache__) by extension 'ignore_ament_install'
[0.160s] Level 1:colcon.colcon_core.package_identification:_identify(__pycache__) by extensions ['colcon_pkg']
[0.160s] Level 1:colcon.colcon_core.package_identification:_identify(__pycache__) by extension 'colcon_pkg'
[0.160s] Level 1:colcon.colcon_core.package_identification:_identify(__pycache__) by extensions ['colcon_meta']
[0.160s] Level 1:colcon.colcon_core.package_identification:_identify(__pycache__) by extension 'colcon_meta'
[0.160s] Level 1:colcon.colcon_core.package_identification:_identify(__pycache__) by extensions ['ros']
[0.161s] Level 1:colcon.colcon_core.package_identification:_identify(__pycache__) by extension 'ros'
[0.161s] Level 1:colcon.colcon_core.package_identification:_identify(__pycache__) by extensions ['cmake', 'python']
[0.161s] Level 1:colcon.colcon_core.package_identification:_identify(__pycache__) by extension 'cmake'
[0.161s] Level 1:colcon.colcon_core.package_identification:_identify(__pycache__) by extension 'python'
[0.161s] Level 1:colcon.colcon_core.package_identification:_identify(__pycache__) by extensions ['python_setup_py']
[0.161s] Level 1:colcon.colcon_core.package_identification:_identify(__pycache__) by extension 'python_setup_py'
[0.161s] Level 1:colcon.colcon_core.package_identification:_identify(build) by extensions ['ignore', 'ignore_ament_install']
[0.161s] Level 1:colcon.colcon_core.package_identification:_identify(build) by extension 'ignore'
[0.161s] Level 1:colcon.colcon_core.package_identification:_identify(build) ignored
[0.161s] Level 1:colcon.colcon_core.package_identification:_identify(install) by extensions ['ignore', 'ignore_ament_install']
[0.161s] Level 1:colcon.colcon_core.package_identification:_identify(install) by extension 'ignore'
[0.161s] Level 1:colcon.colcon_core.package_identification:_identify(install) ignored
[0.161s] Level 1:colcon.colcon_core.package_identification:_identify(log) by extensions ['ignore', 'ignore_ament_install']
[0.161s] Level 1:colcon.colcon_core.package_identification:_identify(log) by extension 'ignore'
[0.162s] Level 1:colcon.colcon_core.package_identification:_identify(log) ignored
[0.162s] Level 1:colcon.colcon_core.package_identification:_identify(src) by extensions ['ignore', 'ignore_ament_install']
[0.162s] Level 1:colcon.colcon_core.package_identification:_identify(src) by extension 'ignore'
[0.162s] Level 1:colcon.colcon_core.package_identification:_identify(src) by extension 'ignore_ament_install'
[0.162s] Level 1:colcon.colcon_core.package_identification:_identify(src) by extensions ['colcon_pkg']
[0.162s] Level 1:colcon.colcon_core.package_identification:_identify(src) by extension 'colcon_pkg'
[0.162s] Level 1:colcon.colcon_core.package_identification:_identify(src) by extensions ['colcon_meta']
[0.162s] Level 1:colcon.colcon_core.package_identification:_identify(src) by extension 'colcon_meta'
[0.162s] Level 1:colcon.colcon_core.package_identification:_identify(src) by extensions ['ros']
[0.162s] Level 1:colcon.colcon_core.package_identification:_identify(src) by extension 'ros'
[0.162s] Level 1:colcon.colcon_core.package_identification:_identify(src) by extensions ['cmake', 'python']
[0.162s] Level 1:colcon.colcon_core.package_identification:_identify(src) by extension 'cmake'
[0.162s] Level 1:colcon.colcon_core.package_identification:_identify(src) by extension 'python'
[0.162s] Level 1:colcon.colcon_core.package_identification:_identify(src) by extensions ['python_setup_py']
[0.162s] Level 1:colcon.colcon_core.package_identification:_identify(src) by extension 'python_setup_py'
[0.162s] Level 1:colcon.colcon_core.package_identification:_identify(src/husarion_gz_worlds) by extensions ['ignore', 'ignore_ament_install']
[0.162s] Level 1:colcon.colcon_core.package_identification:_identify(src/husarion_gz_worlds) by extension 'ignore'
[0.162s] Level 1:colcon.colcon_core.package_identification:_identify(src/husarion_gz_worlds) by extension 'ignore_ament_install'
[0.162s] Level 1:colcon.colcon_core.package_identification:_identify(src/husarion_gz_worlds) by extensions ['colcon_pkg']
[0.162s] Level 1:colcon.colcon_core.package_identification:_identify(src/husarion_gz_worlds) by extension 'colcon_pkg'
[0.162s] Level 1:colcon.colcon_core.package_identification:_identify(src/husarion_gz_worlds) by extensions ['colcon_meta']
[0.162s] Level 1:colcon.colcon_core.package_identification:_identify(src/husarion_gz_worlds) by extension 'colcon_meta'
[0.162s] Level 1:colcon.colcon_core.package_identification:_identify(src/husarion_gz_worlds) by extensions ['ros']
[0.162s] Level 1:colcon.colcon_core.package_identification:_identify(src/husarion_gz_worlds) by extension 'ros'
[0.164s] DEBUG:colcon.colcon_core.package_identification:Package 'src/husarion_gz_worlds' with type 'ros.ament_cmake' and name 'husarion_gz_worlds'
[0.164s] Level 1:colcon.colcon_core.package_identification:_identify(src/rosbot_xl_ros) by extensions ['ignore', 'ignore_ament_install']
[0.165s] Level 1:colcon.colcon_core.package_identification:_identify(src/rosbot_xl_ros) by extension 'ignore'
[0.165s] Level 1:colcon.colcon_core.package_identification:_identify(src/rosbot_xl_ros) by extension 'ignore_ament_install'
[0.165s] Level 1:colcon.colcon_core.package_identification:_identify(src/rosbot_xl_ros) by extensions ['colcon_pkg']
[0.165s] Level 1:colcon.colcon_core.package_identification:_identify(src/rosbot_xl_ros) by extension 'colcon_pkg'
[0.165s] Level 1:colcon.colcon_core.package_identification:_identify(src/rosbot_xl_ros) by extensions ['colcon_meta']
[0.165s] Level 1:colcon.colcon_core.package_identification:_identify(src/rosbot_xl_ros) by extension 'colcon_meta'
[0.165s] Level 1:colcon.colcon_core.package_identification:_identify(src/rosbot_xl_ros) by extensions ['ros']
[0.165s] Level 1:colcon.colcon_core.package_identification:_identify(src/rosbot_xl_ros) by extension 'ros'
[0.165s] Level 1:colcon.colcon_core.package_identification:_identify(src/rosbot_xl_ros) by extensions ['cmake', 'python']
[0.165s] Level 1:colcon.colcon_core.package_identification:_identify(src/rosbot_xl_ros) by extension 'cmake'
[0.165s] Level 1:colcon.colcon_core.package_identification:_identify(src/rosbot_xl_ros) by extension 'python'
[0.165s] Level 1:colcon.colcon_core.package_identification:_identify(src/rosbot_xl_ros) by extensions ['python_setup_py']
[0.165s] Level 1:colcon.colcon_core.package_identification:_identify(src/rosbot_xl_ros) by extension 'python_setup_py'
[0.165s] Level 1:colcon.colcon_core.package_identification:_identify(src/rosbot_xl_ros/docker) by extensions ['ignore', 'ignore_ament_install']
[0.165s] Level 1:colcon.colcon_core.package_identification:_identify(src/rosbot_xl_ros/docker) by extension 'ignore'
[0.165s] Level 1:colcon.colcon_core.package_identification:_identify(src/rosbot_xl_ros/docker) by extension 'ignore_ament_install'
[0.165s] Level 1:colcon.colcon_core.package_identification:_identify(src/rosbot_xl_ros/docker) by extensions ['colcon_pkg']
[0.165s] Level 1:colcon.colcon_core.package_identification:_identify(src/rosbot_xl_ros/docker) by extension 'colcon_pkg'
[0.166s] Level 1:colcon.colcon_core.package_identification:_identify(src/rosbot_xl_ros/docker) by extensions ['colcon_meta']
[0.166s] Level 1:colcon.colcon_core.package_identification:_identify(src/rosbot_xl_ros/docker) by extension 'colcon_meta'
[0.166s] Level 1:colcon.colcon_core.package_identification:_identify(src/rosbot_xl_ros/docker) by extensions ['ros']
[0.166s] Level 1:colcon.colcon_core.package_identification:_identify(src/rosbot_xl_ros/docker) by extension 'ros'
[0.166s] Level 1:colcon.colcon_core.package_identification:_identify(src/rosbot_xl_ros/docker) by extensions ['cmake', 'python']
[0.166s] Level 1:colcon.colcon_core.package_identification:_identify(src/rosbot_xl_ros/docker) by extension 'cmake'
[0.166s] Level 1:colcon.colcon_core.package_identification:_identify(src/rosbot_xl_ros/docker) by extension 'python'
[0.166s] Level 1:colcon.colcon_core.package_identification:_identify(src/rosbot_xl_ros/docker) by extensions ['python_setup_py']
[0.166s] Level 1:colcon.colcon_core.package_identification:_identify(src/rosbot_xl_ros/docker) by extension 'python_setup_py'
[0.166s] Level 1:colcon.colcon_core.package_identification:_identify(src/rosbot_xl_ros/rosbot) by extensions ['ignore', 'ignore_ament_install']
[0.166s] Level 1:colcon.colcon_core.package_identification:_identify(src/rosbot_xl_ros/rosbot) by extension 'ignore'
[0.166s] Level 1:colcon.colcon_core.package_identification:_identify(src/rosbot_xl_ros/rosbot) by extension 'ignore_ament_install'
[0.166s] Level 1:colcon.colcon_core.package_identification:_identify(src/rosbot_xl_ros/rosbot) by extensions ['colcon_pkg']
[0.167s] Level 1:colcon.colcon_core.package_identification:_identify(src/rosbot_xl_ros/rosbot) by extension 'colcon_pkg'
[0.167s] Level 1:colcon.colcon_core.package_identification:_identify(src/rosbot_xl_ros/rosbot) by extensions ['colcon_meta']
[0.167s] Level 1:colcon.colcon_core.package_identification:_identify(src/rosbot_xl_ros/rosbot) by extension 'colcon_meta'
[0.167s] Level 1:colcon.colcon_core.package_identification:_identify(src/rosbot_xl_ros/rosbot) by extensions ['ros']
[0.167s] Level 1:colcon.colcon_core.package_identification:_identify(src/rosbot_xl_ros/rosbot) by extension 'ros'
[0.170s] DEBUG:colcon.colcon_core.package_identification:Package 'src/rosbot_xl_ros/rosbot' with type 'ros.ament_cmake' and name 'rosbot'
[0.170s] Level 1:colcon.colcon_core.package_identification:_identify(src/rosbot_xl_ros/rosbot_bringup) by extensions ['ignore', 'ignore_ament_install']
[0.170s] Level 1:colcon.colcon_core.package_identification:_identify(src/rosbot_xl_ros/rosbot_bringup) by extension 'ignore'
[0.170s] Level 1:colcon.colcon_core.package_identification:_identify(src/rosbot_xl_ros/rosbot_bringup) by extension 'ignore_ament_install'
[0.170s] Level 1:colcon.colcon_core.package_identification:_identify(src/rosbot_xl_ros/rosbot_bringup) by extensions ['colcon_pkg']
[0.170s] Level 1:colcon.colcon_core.package_identification:_identify(src/rosbot_xl_ros/rosbot_bringup) by extension 'colcon_pkg'
[0.170s] Level 1:colcon.colcon_core.package_identification:_identify(src/rosbot_xl_ros/rosbot_bringup) by extensions ['colcon_meta']
[0.170s] Level 1:colcon.colcon_core.package_identification:_identify(src/rosbot_xl_ros/rosbot_bringup) by extension 'colcon_meta'
[0.170s] Level 1:colcon.colcon_core.package_identification:_identify(src/rosbot_xl_ros/rosbot_bringup) by extensions ['ros']
[0.170s] Level 1:colcon.colcon_core.package_identification:_identify(src/rosbot_xl_ros/rosbot_bringup) by extension 'ros'
[0.172s] DEBUG:colcon.colcon_core.package_identification:Package 'src/rosbot_xl_ros/rosbot_bringup' with type 'ros.ament_python' and name 'rosbot_bringup'
[0.172s] Level 1:colcon.colcon_core.package_identification:_identify(src/rosbot_xl_ros/rosbot_controller) by extensions ['ignore', 'ignore_ament_install']
[0.172s] Level 1:colcon.colcon_core.package_identification:_identify(src/rosbot_xl_ros/rosbot_controller) by extension 'ignore'
[0.172s] Level 1:colcon.colcon_core.package_identification:_identify(src/rosbot_xl_ros/rosbot_controller) by extension 'ignore_ament_install'
[0.172s] Level 1:colcon.colcon_core.package_identification:_identify(src/rosbot_xl_ros/rosbot_controller) by extensions ['colcon_pkg']
[0.173s] Level 1:colcon.colcon_core.package_identification:_identify(src/rosbot_xl_ros/rosbot_controller) by extension 'colcon_pkg'
[0.173s] Level 1:colcon.colcon_core.package_identification:_identify(src/rosbot_xl_ros/rosbot_controller) by extensions ['colcon_meta']
[0.173s] Level 1:colcon.colcon_core.package_identification:_identify(src/rosbot_xl_ros/rosbot_controller) by extension 'colcon_meta'
[0.173s] Level 1:colcon.colcon_core.package_identification:_identify(src/rosbot_xl_ros/rosbot_controller) by extensions ['ros']
[0.173s] Level 1:colcon.colcon_core.package_identification:_identify(src/rosbot_xl_ros/rosbot_controller) by extension 'ros'
[0.173s] DEBUG:colcon.colcon_core.package_identification:Package 'src/rosbot_xl_ros/rosbot_controller' with type 'ros.ament_python' and name 'rosbot_controller'
[0.173s] Level 1:colcon.colcon_core.package_identification:_identify(src/rosbot_xl_ros/rosbot_description) by extensions ['ignore', 'ignore_ament_install']
[0.174s] Level 1:colcon.colcon_core.package_identification:_identify(src/rosbot_xl_ros/rosbot_description) by extension 'ignore'
[0.174s] Level 1:colcon.colcon_core.package_identification:_identify(src/rosbot_xl_ros/rosbot_description) by extension 'ignore_ament_install'
[0.174s] Level 1:colcon.colcon_core.package_identification:_identify(src/rosbot_xl_ros/rosbot_description) by extensions ['colcon_pkg']
[0.174s] Level 1:colcon.colcon_core.package_identification:_identify(src/rosbot_xl_ros/rosbot_description) by extension 'colcon_pkg'
[0.174s] Level 1:colcon.colcon_core.package_identification:_identify(src/rosbot_xl_ros/rosbot_description) by extensions ['colcon_meta']
[0.174s] Level 1:colcon.colcon_core.package_identification:_identify(src/rosbot_xl_ros/rosbot_description) by extension 'colcon_meta'
[0.174s] Level 1:colcon.colcon_core.package_identification:_identify(src/rosbot_xl_ros/rosbot_description) by extensions ['ros']
[0.174s] Level 1:colcon.colcon_core.package_identification:_identify(src/rosbot_xl_ros/rosbot_description) by extension 'ros'
[0.175s] DEBUG:colcon.colcon_core.package_identification:Package 'src/rosbot_xl_ros/rosbot_description' with type 'ros.ament_cmake' and name 'rosbot_description'
[0.175s] Level 1:colcon.colcon_core.package_identification:_identify(src/rosbot_xl_ros/rosbot_gazebo) by extensions ['ignore', 'ignore_ament_install']
[0.175s] Level 1:colcon.colcon_core.package_identification:_identify(src/rosbot_xl_ros/rosbot_gazebo) by extension 'ignore'
[0.175s] Level 1:colcon.colcon_core.package_identification:_identify(src/rosbot_xl_ros/rosbot_gazebo) by extension 'ignore_ament_install'
[0.175s] Level 1:colcon.colcon_core.package_identification:_identify(src/rosbot_xl_ros/rosbot_gazebo) by extensions ['colcon_pkg']
[0.175s] Level 1:colcon.colcon_core.package_identification:_identify(src/rosbot_xl_ros/rosbot_gazebo) by extension 'colcon_pkg'
[0.175s] Level 1:colcon.colcon_core.package_identification:_identify(src/rosbot_xl_ros/rosbot_gazebo) by extensions ['colcon_meta']
[0.175s] Level 1:colcon.colcon_core.package_identification:_identify(src/rosbot_xl_ros/rosbot_gazebo) by extension 'colcon_meta'
[0.175s] Level 1:colcon.colcon_core.package_identification:_identify(src/rosbot_xl_ros/rosbot_gazebo) by extensions ['ros']
[0.175s] Level 1:colcon.colcon_core.package_identification:_identify(src/rosbot_xl_ros/rosbot_gazebo) by extension 'ros'
[0.177s] DEBUG:colcon.colcon_core.package_identification:Package 'src/rosbot_xl_ros/rosbot_gazebo' with type 'ros.ament_python' and name 'rosbot_gazebo'
[0.178s] Level 1:colcon.colcon_core.package_identification:_identify(src/rosbot_xl_ros/rosbot_utils) by extensions ['ignore', 'ignore_ament_install']
[0.178s] Level 1:colcon.colcon_core.package_identification:_identify(src/rosbot_xl_ros/rosbot_utils) by extension 'ignore'
[0.178s] Level 1:colcon.colcon_core.package_identification:_identify(src/rosbot_xl_ros/rosbot_utils) by extension 'ignore_ament_install'
[0.178s] Level 1:colcon.colcon_core.package_identification:_identify(src/rosbot_xl_ros/rosbot_utils) by extensions ['colcon_pkg']
[0.178s] Level 1:colcon.colcon_core.package_identification:_identify(src/rosbot_xl_ros/rosbot_utils) by extension 'colcon_pkg'
[0.178s] Level 1:colcon.colcon_core.package_identification:_identify(src/rosbot_xl_ros/rosbot_utils) by extensions ['colcon_meta']
[0.178s] Level 1:colcon.colcon_core.package_identification:_identify(src/rosbot_xl_ros/rosbot_utils) by extension 'colcon_meta'
[0.178s] Level 1:colcon.colcon_core.package_identification:_identify(src/rosbot_xl_ros/rosbot_utils) by extensions ['ros']
[0.178s] Level 1:colcon.colcon_core.package_identification:_identify(src/rosbot_xl_ros/rosbot_utils) by extension 'ros'
[0.178s] DEBUG:colcon.colcon_core.package_identification:Package 'src/rosbot_xl_ros/rosbot_utils' with type 'ros.ament_python' and name 'rosbot_utils'
[0.178s] Level 1:colcon.colcon_core.package_identification:_identify(src/slam_tutorial) by extensions ['ignore', 'ignore_ament_install']
[0.178s] Level 1:colcon.colcon_core.package_identification:_identify(src/slam_tutorial) by extension 'ignore'
[0.178s] Level 1:colcon.colcon_core.package_identification:_identify(src/slam_tutorial) by extension 'ignore_ament_install'
[0.178s] Level 1:colcon.colcon_core.package_identification:_identify(src/slam_tutorial) by extensions ['colcon_pkg']
[0.178s] Level 1:colcon.colcon_core.package_identification:_identify(src/slam_tutorial) by extension 'colcon_pkg'
[0.178s] Level 1:colcon.colcon_core.package_identification:_identify(src/slam_tutorial) by extensions ['colcon_meta']
[0.178s] Level 1:colcon.colcon_core.package_identification:_identify(src/slam_tutorial) by extension 'colcon_meta'
[0.179s] Level 1:colcon.colcon_core.package_identification:_identify(src/slam_tutorial) by extensions ['ros']
[0.179s] Level 1:colcon.colcon_core.package_identification:_identify(src/slam_tutorial) by extension 'ros'
[0.179s] Level 1:colcon.colcon_core.package_identification:_identify(src/slam_tutorial) by extensions ['cmake', 'python']
[0.179s] Level 1:colcon.colcon_core.package_identification:_identify(src/slam_tutorial) by extension 'cmake'
[0.179s] Level 1:colcon.colcon_core.package_identification:_identify(src/slam_tutorial) by extension 'python'
[0.179s] Level 1:colcon.colcon_core.package_identification:_identify(src/slam_tutorial) by extensions ['python_setup_py']
[0.179s] Level 1:colcon.colcon_core.package_identification:_identify(src/slam_tutorial) by extension 'python_setup_py'
[0.179s] Level 1:colcon.colcon_core.package_identification:_identify(src/slam_tutorial/config) by extensions ['ignore', 'ignore_ament_install']
[0.179s] Level 1:colcon.colcon_core.package_identification:_identify(src/slam_tutorial/config) by extension 'ignore'
[0.179s] Level 1:colcon.colcon_core.package_identification:_identify(src/slam_tutorial/config) by extension 'ignore_ament_install'
[0.179s] Level 1:colcon.colcon_core.package_identification:_identify(src/slam_tutorial/config) by extensions ['colcon_pkg']
[0.179s] Level 1:colcon.colcon_core.package_identification:_identify(src/slam_tutorial/config) by extension 'colcon_pkg'
[0.179s] Level 1:colcon.colcon_core.package_identification:_identify(src/slam_tutorial/config) by extensions ['colcon_meta']
[0.179s] Level 1:colcon.colcon_core.package_identification:_identify(src/slam_tutorial/config) by extension 'colcon_meta'
[0.179s] Level 1:colcon.colcon_core.package_identification:_identify(src/slam_tutorial/config) by extensions ['ros']
[0.179s] Level 1:colcon.colcon_core.package_identification:_identify(src/slam_tutorial/config) by extension 'ros'
[0.179s] Level 1:colcon.colcon_core.package_identification:_identify(src/slam_tutorial/config) by extensions ['cmake', 'python']
[0.179s] Level 1:colcon.colcon_core.package_identification:_identify(src/slam_tutorial/config) by extension 'cmake'
[0.179s] Level 1:colcon.colcon_core.package_identification:_identify(src/slam_tutorial/config) by extension 'python'
[0.179s] Level 1:colcon.colcon_core.package_identification:_identify(src/slam_tutorial/config) by extensions ['python_setup_py']
[0.179s] Level 1:colcon.colcon_core.package_identification:_identify(src/slam_tutorial/config) by extension 'python_setup_py'
[0.179s] Level 1:colcon.colcon_core.package_identification:_identify(src/slam_tutorial/launch) by extensions ['ignore', 'ignore_ament_install']
[0.179s] Level 1:colcon.colcon_core.package_identification:_identify(src/slam_tutorial/launch) by extension 'ignore'
[0.179s] Level 1:colcon.colcon_core.package_identification:_identify(src/slam_tutorial/launch) by extension 'ignore_ament_install'
[0.179s] Level 1:colcon.colcon_core.package_identification:_identify(src/slam_tutorial/launch) by extensions ['colcon_pkg']
[0.179s] Level 1:colcon.colcon_core.package_identification:_identify(src/slam_tutorial/launch) by extension 'colcon_pkg'
[0.180s] Level 1:colcon.colcon_core.package_identification:_identify(src/slam_tutorial/launch) by extensions ['colcon_meta']
[0.180s] Level 1:colcon.colcon_core.package_identification:_identify(src/slam_tutorial/launch) by extension 'colcon_meta'
[0.180s] Level 1:colcon.colcon_core.package_identification:_identify(src/slam_tutorial/launch) by extensions ['ros']
[0.180s] Level 1:colcon.colcon_core.package_identification:_identify(src/slam_tutorial/launch) by extension 'ros'
[0.180s] Level 1:colcon.colcon_core.package_identification:_identify(src/slam_tutorial/launch) by extensions ['cmake', 'python']
[0.180s] Level 1:colcon.colcon_core.package_identification:_identify(src/slam_tutorial/launch) by extension 'cmake'
[0.180s] Level 1:colcon.colcon_core.package_identification:_identify(src/slam_tutorial/launch) by extension 'python'
[0.180s] Level 1:colcon.colcon_core.package_identification:_identify(src/slam_tutorial/launch) by extensions ['python_setup_py']
[0.180s] Level 1:colcon.colcon_core.package_identification:_identify(src/slam_tutorial/launch) by extension 'python_setup_py'
[0.180s] Level 1:colcon.colcon_core.package_identification:_identify(src/test) by extensions ['ignore', 'ignore_ament_install']
[0.180s] Level 1:colcon.colcon_core.package_identification:_identify(src/test) by extension 'ignore'
[0.180s] Level 1:colcon.colcon_core.package_identification:_identify(src/test) by extension 'ignore_ament_install'
[0.180s] Level 1:colcon.colcon_core.package_identification:_identify(src/test) by extensions ['colcon_pkg']
[0.180s] Level 1:colcon.colcon_core.package_identification:_identify(src/test) by extension 'colcon_pkg'
[0.180s] Level 1:colcon.colcon_core.package_identification:_identify(src/test) by extensions ['colcon_meta']
[0.180s] Level 1:colcon.colcon_core.package_identification:_identify(src/test) by extension 'colcon_meta'
[0.180s] Level 1:colcon.colcon_core.package_identification:_identify(src/test) by extensions ['ros']
[0.180s] Level 1:colcon.colcon_core.package_identification:_identify(src/test) by extension 'ros'
[0.180s] DEBUG:colcon.colcon_core.package_identification:Package 'src/test' with type 'ros.ament_cmake' and name 'test'
[0.180s] Level 1:colcon.colcon_core.package_identification:_identify(src/tutorial_pkg) by extensions ['ignore', 'ignore_ament_install']
[0.181s] Level 1:colcon.colcon_core.package_identification:_identify(src/tutorial_pkg) by extension 'ignore'
[0.181s] Level 1:colcon.colcon_core.package_identification:_identify(src/tutorial_pkg) by extension 'ignore_ament_install'
[0.181s] Level 1:colcon.colcon_core.package_identification:_identify(src/tutorial_pkg) by extensions ['colcon_pkg']
[0.181s] Level 1:colcon.colcon_core.package_identification:_identify(src/tutorial_pkg) by extension 'colcon_pkg'
[0.181s] Level 1:colcon.colcon_core.package_identification:_identify(src/tutorial_pkg) by extensions ['colcon_meta']
[0.181s] Level 1:colcon.colcon_core.package_identification:_identify(src/tutorial_pkg) by extension 'colcon_meta'
[0.181s] Level 1:colcon.colcon_core.package_identification:_identify(src/tutorial_pkg) by extensions ['ros']
[0.181s] Level 1:colcon.colcon_core.package_identification:_identify(src/tutorial_pkg) by extension 'ros'
[0.181s] DEBUG:colcon.colcon_core.package_identification:Package 'src/tutorial_pkg' with type 'ros.ament_cmake' and name 'tutorial_pkg'
[0.181s] Level 1:colcon.colcon_core.package_discovery:discover_packages(recursive) using defaults
[0.181s] Level 1:colcon.colcon_core.package_discovery:discover_packages(ignore) discover
[0.181s] Level 1:colcon.colcon_core.package_discovery:discover_packages(ignore) using defaults
[0.181s] Level 1:colcon.colcon_core.package_discovery:discover_packages(path) discover
[0.181s] Level 1:colcon.colcon_core.package_discovery:discover_packages(path) using defaults
[0.197s] Level 1:colcon.colcon_core.package_discovery:discover_packages(prefix_path) check parameters
[0.197s] Level 1:colcon.colcon_core.package_discovery:discover_packages(prefix_path) discover
[0.198s] DEBUG:colcon.colcon_installed_package_information.package_discovery:Found 9 installed packages in /home/zhettus/ros2_ws/install
[0.199s] DEBUG:colcon.colcon_installed_package_information.package_discovery:Found 11 installed packages in /home/zhettus/rosbot_ws/install
[0.200s] DEBUG:colcon.colcon_installed_package_information.package_discovery:Found 461 installed packages in /opt/ros/jazzy
[0.201s] Level 1:colcon.colcon_core.package_discovery:discover_packages(prefix_path) using defaults
[0.250s] Level 5:colcon.colcon_core.verb:set package 'husarion_gz_worlds' build argument 'cmake_args' from command line to 'None'
[0.251s] Level 5:colcon.colcon_core.verb:set package 'husarion_gz_worlds' build argument 'cmake_target' from command line to 'None'
[0.251s] Level 5:colcon.colcon_core.verb:set package 'husarion_gz_worlds' build argument 'cmake_target_skip_unavailable' from command line to 'False'
[0.251s] Level 5:colcon.colcon_core.verb:set package 'husarion_gz_worlds' build argument 'cmake_clean_cache' from command line to 'False'
[0.251s] Level 5:colcon.colcon_core.verb:set package 'husarion_gz_worlds' build argument 'cmake_clean_first' from command line to 'False'
[0.251s] Level 5:colcon.colcon_core.verb:set package 'husarion_gz_worlds' build argument 'cmake_force_configure' from command line to 'False'
[0.251s] Level 5:colcon.colcon_core.verb:set package 'husarion_gz_worlds' build argument 'ament_cmake_args' from command line to 'None'
[0.251s] Level 5:colcon.colcon_core.verb:set package 'husarion_gz_worlds' build argument 'catkin_cmake_args' from command line to 'None'
[0.251s] Level 5:colcon.colcon_core.verb:set package 'husarion_gz_worlds' build argument 'catkin_skip_building_tests' from command line to 'False'
[0.251s] DEBUG:colcon.colcon_core.verb:Building package 'husarion_gz_worlds' with the following arguments: {'ament_cmake_args': None, 'build_base': '/home/zhettus/ros2_ws/build/husarion_gz_worlds', 'catkin_cmake_args': None, 'catkin_skip_building_tests': False, 'cmake_args': None, 'cmake_clean_cache': False, 'cmake_clean_first': False, 'cmake_force_configure': False, 'cmake_target': None, 'cmake_target_skip_unavailable': False, 'install_base': '/home/zhettus/ros2_ws/install/husarion_gz_worlds', 'merge_install': False, 'path': '/home/zhettus/ros2_ws/src/husarion_gz_worlds', 'symlink_install': False, 'test_result_base': None}
[0.251s] Level 5:colcon.colcon_core.verb:set package 'rosbot' build argument 'cmake_args' from command line to 'None'
[0.251s] Level 5:colcon.colcon_core.verb:set package 'rosbot' build argument 'cmake_target' from command line to 'None'
[0.251s] Level 5:colcon.colcon_core.verb:set package 'rosbot' build argument 'cmake_target_skip_unavailable' from command line to 'False'
[0.251s] Level 5:colcon.colcon_core.verb:set package 'rosbot' build argument 'cmake_clean_cache' from command line to 'False'
[0.251s] Level 5:colcon.colcon_core.verb:set package 'rosbot' build argument 'cmake_clean_first' from command line to 'False'
[0.251s] Level 5:colcon.colcon_core.verb:set package 'rosbot' build argument 'cmake_force_configure' from command line to 'False'
[0.251s] Level 5:colcon.colcon_core.verb:set package 'rosbot' build argument 'ament_cmake_args' from command line to 'None'
[0.251s] Level 5:colcon.colcon_core.verb:set package 'rosbot' build argument 'catkin_cmake_args' from command line to 'None'
[0.251s] Level 5:colcon.colcon_core.verb:set package 'rosbot' build argument 'catkin_skip_building_tests' from command line to 'False'
[0.251s] DEBUG:colcon.colcon_core.verb:Building package 'rosbot' with the following arguments: {'ament_cmake_args': None, 'build_base': '/home/zhettus/ros2_ws/build/rosbot', 'catkin_cmake_args': None, 'catkin_skip_building_tests': False, 'cmake_args': None, 'cmake_clean_cache': False, 'cmake_clean_first': False, 'cmake_force_configure': False, 'cmake_target': None, 'cmake_target_skip_unavailable': False, 'install_base': '/home/zhettus/ros2_ws/install/rosbot', 'merge_install': False, 'path': '/home/zhettus/ros2_ws/src/rosbot_xl_ros/rosbot', 'symlink_install': False, 'test_result_base': None}
[0.251s] Level 5:colcon.colcon_core.verb:set package 'rosbot_bringup' build argument 'cmake_args' from command line to 'None'
[0.251s] Level 5:colcon.colcon_core.verb:set package 'rosbot_bringup' build argument 'cmake_target' from command line to 'None'
[0.251s] Level 5:colcon.colcon_core.verb:set package 'rosbot_bringup' build argument 'cmake_target_skip_unavailable' from command line to 'False'
[0.251s] Level 5:colcon.colcon_core.verb:set package 'rosbot_bringup' build argument 'cmake_clean_cache' from command line to 'False'
[0.252s] Level 5:colcon.colcon_core.verb:set package 'rosbot_bringup' build argument 'cmake_clean_first' from command line to 'False'
[0.252s] Level 5:colcon.colcon_core.verb:set package 'rosbot_bringup' build argument 'cmake_force_configure' from command line to 'False'
[0.252s] Level 5:colcon.colcon_core.verb:set package 'rosbot_bringup' build argument 'ament_cmake_args' from command line to 'None'
[0.252s] Level 5:colcon.colcon_core.verb:set package 'rosbot_bringup' build argument 'catkin_cmake_args' from command line to 'None'
[0.252s] Level 5:colcon.colcon_core.verb:set package 'rosbot_bringup' build argument 'catkin_skip_building_tests' from command line to 'False'
[0.252s] DEBUG:colcon.colcon_core.verb:Building package 'rosbot_bringup' with the following arguments: {'ament_cmake_args': None, 'build_base': '/home/zhettus/ros2_ws/build/rosbot_bringup', 'catkin_cmake_args': None, 'catkin_skip_building_tests': False, 'cmake_args': None, 'cmake_clean_cache': False, 'cmake_clean_first': False, 'cmake_force_configure': False, 'cmake_target': None, 'cmake_target_skip_unavailable': False, 'install_base': '/home/zhettus/ros2_ws/install/rosbot_bringup', 'merge_install': False, 'path': '/home/zhettus/ros2_ws/src/rosbot_xl_ros/rosbot_bringup', 'symlink_install': False, 'test_result_base': None}
[0.252s] Level 5:colcon.colcon_core.verb:set package 'rosbot_description' build argument 'cmake_args' from command line to 'None'
[0.252s] Level 5:colcon.colcon_core.verb:set package 'rosbot_description' build argument 'cmake_target' from command line to 'None'
[0.252s] Level 5:colcon.colcon_core.verb:set package 'rosbot_description' build argument 'cmake_target_skip_unavailable' from command line to 'False'
[0.252s] Level 5:colcon.colcon_core.verb:set package 'rosbot_description' build argument 'cmake_clean_cache' from command line to 'False'
[0.252s] Level 5:colcon.colcon_core.verb:set package 'rosbot_description' build argument 'cmake_clean_first' from command line to 'False'
[0.252s] Level 5:colcon.colcon_core.verb:set package 'rosbot_description' build argument 'cmake_force_configure' from command line to 'False'
[0.252s] Level 5:colcon.colcon_core.verb:set package 'rosbot_description' build argument 'ament_cmake_args' from command line to 'None'
[0.252s] Level 5:colcon.colcon_core.verb:set package 'rosbot_description' build argument 'catkin_cmake_args' from command line to 'None'
[0.252s] Level 5:colcon.colcon_core.verb:set package 'rosbot_description' build argument 'catkin_skip_building_tests' from command line to 'False'
[0.252s] DEBUG:colcon.colcon_core.verb:Building package 'rosbot_description' with the following arguments: {'ament_cmake_args': None, 'build_base': '/home/zhettus/ros2_ws/build/rosbot_description', 'catkin_cmake_args': None, 'catkin_skip_building_tests': False, 'cmake_args': None, 'cmake_clean_cache': False, 'cmake_clean_first': False, 'cmake_force_configure': False, 'cmake_target': None, 'cmake_target_skip_unavailable': False, 'install_base': '/home/zhettus/ros2_ws/install/rosbot_description', 'merge_install': False, 'path': '/home/zhettus/ros2_ws/src/rosbot_xl_ros/rosbot_description', 'symlink_install': False, 'test_result_base': None}
[0.252s] Level 5:colcon.colcon_core.verb:set package 'rosbot_gazebo' build argument 'cmake_args' from command line to 'None'
[0.252s] Level 5:colcon.colcon_core.verb:set package 'rosbot_gazebo' build argument 'cmake_target' from command line to 'None'
[0.252s] Level 5:colcon.colcon_core.verb:set package 'rosbot_gazebo' build argument 'cmake_target_skip_unavailable' from command line to 'False'
[0.252s] Level 5:colcon.colcon_core.verb:set package 'rosbot_gazebo' build argument 'cmake_clean_cache' from command line to 'False'
[0.252s] Level 5:colcon.colcon_core.verb:set package 'rosbot_gazebo' build argument 'cmake_clean_first' from command line to 'False'
[0.252s] Level 5:colcon.colcon_core.verb:set package 'rosbot_gazebo' build argument 'cmake_force_configure' from command line to 'False'
[0.252s] Level 5:colcon.colcon_core.verb:set package 'rosbot_gazebo' build argument 'ament_cmake_args' from command line to 'None'
[0.252s] Level 5:colcon.colcon_core.verb:set package 'rosbot_gazebo' build argument 'catkin_cmake_args' from command line to 'None'
[0.252s] Level 5:colcon.colcon_core.verb:set package 'rosbot_gazebo' build argument 'catkin_skip_building_tests' from command line to 'False'
[0.252s] DEBUG:colcon.colcon_core.verb:Building package 'rosbot_gazebo' with the following arguments: {'ament_cmake_args': None, 'build_base': '/home/zhettus/ros2_ws/build/rosbot_gazebo', 'catkin_cmake_args': None, 'catkin_skip_building_tests': False, 'cmake_args': None, 'cmake_clean_cache': False, 'cmake_clean_first': False, 'cmake_force_configure': False, 'cmake_target': None, 'cmake_target_skip_unavailable': False, 'install_base': '/home/zhettus/ros2_ws/install/rosbot_gazebo', 'merge_install': False, 'path': '/home/zhettus/ros2_ws/src/rosbot_xl_ros/rosbot_gazebo', 'symlink_install': False, 'test_result_base': None}
[0.253s] Level 5:colcon.colcon_core.verb:set package 'rosbot_utils' build argument 'cmake_args' from command line to 'None'
[0.253s] Level 5:colcon.colcon_core.verb:set package 'rosbot_utils' build argument 'cmake_target' from command line to 'None'
[0.253s] Level 5:colcon.colcon_core.verb:set package 'rosbot_utils' build argument 'cmake_target_skip_unavailable' from command line to 'False'
[0.253s] Level 5:colcon.colcon_core.verb:set package 'rosbot_utils' build argument 'cmake_clean_cache' from command line to 'False'
[0.253s] Level 5:colcon.colcon_core.verb:set package 'rosbot_utils' build argument 'cmake_clean_first' from command line to 'False'
[0.253s] Level 5:colcon.colcon_core.verb:set package 'rosbot_utils' build argument 'cmake_force_configure' from command line to 'False'
[0.253s] Level 5:colcon.colcon_core.verb:set package 'rosbot_utils' build argument 'ament_cmake_args' from command line to 'None'
[0.253s] Level 5:colcon.colcon_core.verb:set package 'rosbot_utils' build argument 'catkin_cmake_args' from command line to 'None'
[0.253s] Level 5:colcon.colcon_core.verb:set package 'rosbot_utils' build argument 'catkin_skip_building_tests' from command line to 'False'
[0.253s] DEBUG:colcon.colcon_core.verb:Building package 'rosbot_utils' with the following arguments: {'ament_cmake_args': None, 'build_base': '/home/zhettus/ros2_ws/build/rosbot_utils', 'catkin_cmake_args': None, 'catkin_skip_building_tests': False, 'cmake_args': None, 'cmake_clean_cache': False, 'cmake_clean_first': False, 'cmake_force_configure': False, 'cmake_target': None, 'cmake_target_skip_unavailable': False, 'install_base': '/home/zhettus/ros2_ws/install/rosbot_utils', 'merge_install': False, 'path': '/home/zhettus/ros2_ws/src/rosbot_xl_ros/rosbot_utils', 'symlink_install': False, 'test_result_base': None}
[0.253s] Level 5:colcon.colcon_core.verb:set package 'test' build argument 'cmake_args' from command line to 'None'
[0.253s] Level 5:colcon.colcon_core.verb:set package 'test' build argument 'cmake_target' from command line to 'None'
[0.253s] Level 5:colcon.colcon_core.verb:set package 'test' build argument 'cmake_target_skip_unavailable' from command line to 'False'
[0.253s] Level 5:colcon.colcon_core.verb:set package 'test' build argument 'cmake_clean_cache' from command line to 'False'
[0.253s] Level 5:colcon.colcon_core.verb:set package 'test' build argument 'cmake_clean_first' from command line to 'False'
[0.253s] Level 5:colcon.colcon_core.verb:set package 'test' build argument 'cmake_force_configure' from command line to 'False'
[0.253s] Level 5:colcon.colcon_core.verb:set package 'test' build argument 'ament_cmake_args' from command line to 'None'
[0.253s] Level 5:colcon.colcon_core.verb:set package 'test' build argument 'catkin_cmake_args' from command line to 'None'
[0.253s] Level 5:colcon.colcon_core.verb:set package 'test' build argument 'catkin_skip_building_tests' from command line to 'False'
[0.253s] DEBUG:colcon.colcon_core.verb:Building package 'test' with the following arguments: {'ament_cmake_args': None, 'build_base': '/home/zhettus/ros2_ws/build/test', 'catkin_cmake_args': None, 'catkin_skip_building_tests': False, 'cmake_args': None, 'cmake_clean_cache': False, 'cmake_clean_first': False, 'cmake_force_configure': False, 'cmake_target': None, 'cmake_target_skip_unavailable': False, 'install_base': '/home/zhettus/ros2_ws/install/test', 'merge_install': False, 'path': '/home/zhettus/ros2_ws/src/test', 'symlink_install': False, 'test_result_base': None}
[0.253s] Level 5:colcon.colcon_core.verb:set package 'tutorial_pkg' build argument 'cmake_args' from command line to 'None'
[0.253s] Level 5:colcon.colcon_core.verb:set package 'tutorial_pkg' build argument 'cmake_target' from command line to 'None'
[0.253s] Level 5:colcon.colcon_core.verb:set package 'tutorial_pkg' build argument 'cmake_target_skip_unavailable' from command line to 'False'
[0.253s] Level 5:colcon.colcon_core.verb:set package 'tutorial_pkg' build argument 'cmake_clean_cache' from command line to 'False'
[0.253s] Level 5:colcon.colcon_core.verb:set package 'tutorial_pkg' build argument 'cmake_clean_first' from command line to 'False'
[0.253s] Level 5:colcon.colcon_core.verb:set package 'tutorial_pkg' build argument 'cmake_force_configure' from command line to 'False'
[0.253s] Level 5:colcon.colcon_core.verb:set package 'tutorial_pkg' build argument 'ament_cmake_args' from command line to 'None'
[0.253s] Level 5:colcon.colcon_core.verb:set package 'tutorial_pkg' build argument 'catkin_cmake_args' from command line to 'None'
[0.253s] Level 5:colcon.colcon_core.verb:set package 'tutorial_pkg' build argument 'catkin_skip_building_tests' from command line to 'False'
[0.253s] DEBUG:colcon.colcon_core.verb:Building package 'tutorial_pkg' with the following arguments: {'ament_cmake_args': None, 'build_base': '/home/zhettus/ros2_ws/build/tutorial_pkg', 'catkin_cmake_args': None, 'catkin_skip_building_tests': False, 'cmake_args': None, 'cmake_clean_cache': False, 'cmake_clean_first': False, 'cmake_force_configure': False, 'cmake_target': None, 'cmake_target_skip_unavailable': False, 'install_base': '/home/zhettus/ros2_ws/install/tutorial_pkg', 'merge_install': False, 'path': '/home/zhettus/ros2_ws/src/tutorial_pkg', 'symlink_install': False, 'test_result_base': None}
[0.254s] Level 5:colcon.colcon_core.verb:set package 'rosbot_controller' build argument 'cmake_args' from command line to 'None'
[0.254s] Level 5:colcon.colcon_core.verb:set package 'rosbot_controller' build argument 'cmake_target' from command line to 'None'
[0.254s] Level 5:colcon.colcon_core.verb:set package 'rosbot_controller' build argument 'cmake_target_skip_unavailable' from command line to 'False'
[0.254s] Level 5:colcon.colcon_core.verb:set package 'rosbot_controller' build argument 'cmake_clean_cache' from command line to 'False'
[0.254s] Level 5:colcon.colcon_core.verb:set package 'rosbot_controller' build argument 'cmake_clean_first' from command line to 'False'
[0.254s] Level 5:colcon.colcon_core.verb:set package 'rosbot_controller' build argument 'cmake_force_configure' from command line to 'False'
[0.254s] Level 5:colcon.colcon_core.verb:set package 'rosbot_controller' build argument 'ament_cmake_args' from command line to 'None'
[0.254s] Level 5:colcon.colcon_core.verb:set package 'rosbot_controller' build argument 'catkin_cmake_args' from command line to 'None'
[0.254s] Level 5:colcon.colcon_core.verb:set package 'rosbot_controller' build argument 'catkin_skip_building_tests' from command line to 'False'
[0.254s] DEBUG:colcon.colcon_core.verb:Building package 'rosbot_controller' with the following arguments: {'ament_cmake_args': None, 'build_base': '/home/zhettus/ros2_ws/build/rosbot_controller', 'catkin_cmake_args': None, 'catkin_skip_building_tests': False, 'cmake_args': None, 'cmake_clean_cache': False, 'cmake_clean_first': False, 'cmake_force_configure': False, 'cmake_target': None, 'cmake_target_skip_unavailable': False, 'install_base': '/home/zhettus/ros2_ws/install/rosbot_controller', 'merge_install': False, 'path': '/home/zhettus/ros2_ws/src/rosbot_xl_ros/rosbot_controller', 'symlink_install': False, 'test_result_base': None}
[0.254s] INFO:colcon.colcon_core.executor:Executing jobs using 'parallel' executor
[0.255s] DEBUG:colcon.colcon_parallel_executor.executor.parallel:run_until_complete
[0.255s] INFO:colcon.colcon_ros.task.ament_cmake.build:Building ROS package in '/home/zhettus/ros2_ws/src/rosbot_xl_ros/rosbot_description' with build type 'ament_cmake'
[0.255s] INFO:colcon.colcon_cmake.task.cmake.build:Building CMake package in '/home/zhettus/ros2_ws/src/rosbot_xl_ros/rosbot_description'
[0.257s] INFO:colcon.colcon_core.plugin_system:Skipping extension 'colcon_core.shell.bat': Not used on non-Windows systems
[0.257s] INFO:colcon.colcon_core.shell:Skip shell extension 'powershell' for command environment: Not usable outside of PowerShell
[0.257s] DEBUG:colcon.colcon_core.shell:Skip shell extension 'dsv' for command environment
[0.261s] INFO:colcon.colcon_ros.task.ament_cmake.build:Building ROS package in '/home/zhettus/ros2_ws/src/husarion_gz_worlds' with build type 'ament_cmake'
[0.261s] INFO:colcon.colcon_cmake.task.cmake.build:Building CMake package in '/home/zhettus/ros2_ws/src/husarion_gz_worlds'
[0.261s] INFO:colcon.colcon_core.shell:Skip shell extension 'powershell' for command environment: Not usable outside of PowerShell
[0.261s] DEBUG:colcon.colcon_core.shell:Skip shell extension 'dsv' for command environment
[0.267s] INFO:colcon.colcon_ros.task.ament_cmake.build:Building ROS package in '/home/zhettus/ros2_ws/src/rosbot_xl_ros/rosbot' with build type 'ament_cmake'
[0.267s] INFO:colcon.colcon_cmake.task.cmake.build:Building CMake package in '/home/zhettus/ros2_ws/src/rosbot_xl_ros/rosbot'
[0.267s] INFO:colcon.colcon_core.shell:Skip shell extension 'powershell' for command environment: Not usable outside of PowerShell
[0.267s] DEBUG:colcon.colcon_core.shell:Skip shell extension 'dsv' for command environment
[0.271s] INFO:colcon.colcon_ros.task.ament_python.build:Building ROS package in '/home/zhettus/ros2_ws/src/rosbot_xl_ros/rosbot_bringup' with build type 'ament_python'
[0.271s] Level 1:colcon.colcon_core.shell:create_environment_hook('rosbot_bringup', 'ament_prefix_path')
[0.271s] INFO:colcon.colcon_core.shell:Creating environment hook '/home/zhettus/ros2_ws/install/rosbot_bringup/share/rosbot_bringup/hook/ament_prefix_path.ps1'
[0.271s] INFO:colcon.colcon_core.shell:Creating environment descriptor '/home/zhettus/ros2_ws/install/rosbot_bringup/share/rosbot_bringup/hook/ament_prefix_path.dsv'
[0.272s] INFO:colcon.colcon_core.shell:Creating environment hook '/home/zhettus/ros2_ws/install/rosbot_bringup/share/rosbot_bringup/hook/ament_prefix_path.sh'
[0.272s] INFO:colcon.colcon_core.shell:Skip shell extension 'powershell' for command environment: Not usable outside of PowerShell
[0.272s] DEBUG:colcon.colcon_core.shell:Skip shell extension 'dsv' for command environment
[0.276s] INFO:colcon.colcon_ros.task.ament_python.build:Building ROS package in '/home/zhettus/ros2_ws/src/rosbot_xl_ros/rosbot_gazebo' with build type 'ament_python'
[0.276s] Level 1:colcon.colcon_core.shell:create_environment_hook('rosbot_gazebo', 'ament_prefix_path')
[0.276s] INFO:colcon.colcon_core.shell:Creating environment hook '/home/zhettus/ros2_ws/install/rosbot_gazebo/share/rosbot_gazebo/hook/ament_prefix_path.ps1'
[0.277s] INFO:colcon.colcon_core.shell:Creating environment descriptor '/home/zhettus/ros2_ws/install/rosbot_gazebo/share/rosbot_gazebo/hook/ament_prefix_path.dsv'
[0.277s] INFO:colcon.colcon_core.shell:Creating environment hook '/home/zhettus/ros2_ws/install/rosbot_gazebo/share/rosbot_gazebo/hook/ament_prefix_path.sh'
[0.277s] INFO:colcon.colcon_core.shell:Skip shell extension 'powershell' for command environment: Not usable outside of PowerShell
[0.277s] DEBUG:colcon.colcon_core.shell:Skip shell extension 'dsv' for command environment
[0.282s] INFO:colcon.colcon_ros.task.ament_python.build:Building ROS package in '/home/zhettus/ros2_ws/src/rosbot_xl_ros/rosbot_utils' with build type 'ament_python'
[0.283s] Level 1:colcon.colcon_core.shell:create_environment_hook('rosbot_utils', 'ament_prefix_path')
[0.283s] INFO:colcon.colcon_core.shell:Creating environment hook '/home/zhettus/ros2_ws/install/rosbot_utils/share/rosbot_utils/hook/ament_prefix_path.ps1'
[0.283s] INFO:colcon.colcon_core.shell:Creating environment descriptor '/home/zhettus/ros2_ws/install/rosbot_utils/share/rosbot_utils/hook/ament_prefix_path.dsv'
[0.285s] INFO:colcon.colcon_core.shell:Creating environment hook '/home/zhettus/ros2_ws/install/rosbot_utils/share/rosbot_utils/hook/ament_prefix_path.sh'
[0.285s] INFO:colcon.colcon_core.shell:Skip shell extension 'powershell' for command environment: Not usable outside of PowerShell
[0.285s] DEBUG:colcon.colcon_core.shell:Skip shell extension 'dsv' for command environment
[0.302s] DEBUG:colcon.colcon_core.event_handler.log_command:Invoking command in '/home/zhettus/ros2_ws/build/rosbot_description': CMAKE_PREFIX_PATH=${CMAKE_PREFIX_PATH}:/home/zhettus/rosbot_ws/install/rosbot_controller:/home/zhettus/rosbot_ws/install/rosbot_utils:/home/zhettus/rosbot_ws/install/rosbot_gazebo:/home/zhettus/rosbot_ws/install/rosbot_bringup:/home/zhettus/ros2_ws/install/rosbot_utils:/home/zhettus/ros2_ws/install/rosbot_gazebo:/home/zhettus/ros2_ws/install/rosbot_controller:/home/zhettus/ros2_ws/install/rosbot_bringup:/opt/ros/jazzy /usr/bin/cmake --build /home/zhettus/ros2_ws/build/rosbot_description -- -j6 -l6
[0.306s] DEBUG:colcon.colcon_core.event_handler.log_command:Invoking command in '/home/zhettus/ros2_ws/build/husarion_gz_worlds': CMAKE_PREFIX_PATH=${CMAKE_PREFIX_PATH}:/home/zhettus/rosbot_ws/install/rosbot_controller:/home/zhettus/rosbot_ws/install/rosbot_utils:/home/zhettus/rosbot_ws/install/rosbot_gazebo:/home/zhettus/rosbot_ws/install/rosbot_bringup:/home/zhettus/ros2_ws/install/rosbot_utils:/home/zhettus/ros2_ws/install/rosbot_gazebo:/home/zhettus/ros2_ws/install/rosbot_controller:/home/zhettus/ros2_ws/install/rosbot_bringup:/opt/ros/jazzy /usr/bin/cmake --build /home/zhettus/ros2_ws/build/husarion_gz_worlds -- -j6 -l6
[0.314s] DEBUG:colcon.colcon_core.event_handler.log_command:Invoking command in '/home/zhettus/ros2_ws/build/rosbot': CMAKE_PREFIX_PATH=${CMAKE_PREFIX_PATH}:/home/zhettus/rosbot_ws/install/rosbot_controller:/home/zhettus/rosbot_ws/install/rosbot_utils:/home/zhettus/rosbot_ws/install/rosbot_gazebo:/home/zhettus/rosbot_ws/install/rosbot_bringup:/home/zhettus/ros2_ws/install/rosbot_utils:/home/zhettus/ros2_ws/install/rosbot_gazebo:/home/zhettus/ros2_ws/install/rosbot_controller:/home/zhettus/ros2_ws/install/rosbot_bringup:/opt/ros/jazzy /usr/bin/cmake --build /home/zhettus/ros2_ws/build/rosbot -- -j6 -l6
[0.499s] INFO:colcon.colcon_core.task.python.build:Building Python package in '/home/zhettus/ros2_ws/src/rosbot_xl_ros/rosbot_bringup'
[0.499s] INFO:colcon.colcon_core.shell:Skip shell extension 'powershell' for command environment: Not usable outside of PowerShell
[0.499s] DEBUG:colcon.colcon_core.shell:Skip shell extension 'dsv' for command environment
[0.706s] INFO:colcon.colcon_core.task.python.build:Building Python package in '/home/zhettus/ros2_ws/src/rosbot_xl_ros/rosbot_gazebo'
[0.706s] INFO:colcon.colcon_core.shell:Skip shell extension 'powershell' for command environment: Not usable outside of PowerShell
[0.706s] DEBUG:colcon.colcon_core.shell:Skip shell extension 'dsv' for command environment
[0.883s] INFO:colcon.colcon_core.task.python.build:Building Python package in '/home/zhettus/ros2_ws/src/rosbot_xl_ros/rosbot_utils'
[0.883s] INFO:colcon.colcon_core.shell:Skip shell extension 'powershell' for command environment: Not usable outside of PowerShell
[0.883s] DEBUG:colcon.colcon_core.shell:Skip shell extension 'dsv' for command environment
[0.892s] DEBUG:colcon.colcon_core.event_handler.log_command:Invoked command in '/home/zhettus/ros2_ws/build/rosbot_description' returned '0': CMAKE_PREFIX_PATH=${CMAKE_PREFIX_PATH}:/home/zhettus/rosbot_ws/install/rosbot_controller:/home/zhettus/rosbot_ws/install/rosbot_utils:/home/zhettus/rosbot_ws/install/rosbot_gazebo:/home/zhettus/rosbot_ws/install/rosbot_bringup:/home/zhettus/ros2_ws/install/rosbot_utils:/home/zhettus/ros2_ws/install/rosbot_gazebo:/home/zhettus/ros2_ws/install/rosbot_controller:/home/zhettus/ros2_ws/install/rosbot_bringup:/opt/ros/jazzy /usr/bin/cmake --build /home/zhettus/ros2_ws/build/rosbot_description -- -j6 -l6
[0.901s] DEBUG:colcon.colcon_core.event_handler.log_command:Invoking command in '/home/zhettus/ros2_ws/build/rosbot_description': CMAKE_PREFIX_PATH=${CMAKE_PREFIX_PATH}:/home/zhettus/rosbot_ws/install/rosbot_controller:/home/zhettus/rosbot_ws/install/rosbot_utils:/home/zhettus/rosbot_ws/install/rosbot_gazebo:/home/zhettus/rosbot_ws/install/rosbot_bringup:/home/zhettus/ros2_ws/install/rosbot_utils:/home/zhettus/ros2_ws/install/rosbot_gazebo:/home/zhettus/ros2_ws/install/rosbot_controller:/home/zhettus/ros2_ws/install/rosbot_bringup:/opt/ros/jazzy /usr/bin/cmake --install /home/zhettus/ros2_ws/build/rosbot_description
[0.901s] DEBUG:colcon.colcon_core.event_handler.log_command:Invoked command in '/home/zhettus/ros2_ws/build/husarion_gz_worlds' returned '0': CMAKE_PREFIX_PATH=${CMAKE_PREFIX_PATH}:/home/zhettus/rosbot_ws/install/rosbot_controller:/home/zhettus/rosbot_ws/install/rosbot_utils:/home/zhettus/rosbot_ws/install/rosbot_gazebo:/home/zhettus/rosbot_ws/install/rosbot_bringup:/home/zhettus/ros2_ws/install/rosbot_utils:/home/zhettus/ros2_ws/install/rosbot_gazebo:/home/zhettus/ros2_ws/install/rosbot_controller:/home/zhettus/ros2_ws/install/rosbot_bringup:/opt/ros/jazzy /usr/bin/cmake --build /home/zhettus/ros2_ws/build/husarion_gz_worlds -- -j6 -l6
[0.902s] DEBUG:colcon.colcon_core.event_handler.log_command:Invoking command in '/home/zhettus/ros2_ws/build/husarion_gz_worlds': CMAKE_PREFIX_PATH=${CMAKE_PREFIX_PATH}:/home/zhettus/rosbot_ws/install/rosbot_controller:/home/zhettus/rosbot_ws/install/rosbot_utils:/home/zhettus/rosbot_ws/install/rosbot_gazebo:/home/zhettus/rosbot_ws/install/rosbot_bringup:/home/zhettus/ros2_ws/install/rosbot_utils:/home/zhettus/ros2_ws/install/rosbot_gazebo:/home/zhettus/ros2_ws/install/rosbot_controller:/home/zhettus/ros2_ws/install/rosbot_bringup:/opt/ros/jazzy /usr/bin/cmake --install /home/zhettus/ros2_ws/build/husarion_gz_worlds
[0.902s] DEBUG:colcon.colcon_core.event_handler.log_command:Invoked command in '/home/zhettus/ros2_ws/build/rosbot' returned '0': CMAKE_PREFIX_PATH=${CMAKE_PREFIX_PATH}:/home/zhettus/rosbot_ws/install/rosbot_controller:/home/zhettus/rosbot_ws/install/rosbot_utils:/home/zhettus/rosbot_ws/install/rosbot_gazebo:/home/zhettus/rosbot_ws/install/rosbot_bringup:/home/zhettus/ros2_ws/install/rosbot_utils:/home/zhettus/ros2_ws/install/rosbot_gazebo:/home/zhettus/ros2_ws/install/rosbot_controller:/home/zhettus/ros2_ws/install/rosbot_bringup:/opt/ros/jazzy /usr/bin/cmake --build /home/zhettus/ros2_ws/build/rosbot -- -j6 -l6
[0.903s] DEBUG:colcon.colcon_core.event_handler.log_command:Invoking command in '/home/zhettus/ros2_ws/build/rosbot': CMAKE_PREFIX_PATH=${CMAKE_PREFIX_PATH}:/home/zhettus/rosbot_ws/install/rosbot_controller:/home/zhettus/rosbot_ws/install/rosbot_utils:/home/zhettus/rosbot_ws/install/rosbot_gazebo:/home/zhettus/rosbot_ws/install/rosbot_bringup:/home/zhettus/ros2_ws/install/rosbot_utils:/home/zhettus/ros2_ws/install/rosbot_gazebo:/home/zhettus/ros2_ws/install/rosbot_controller:/home/zhettus/ros2_ws/install/rosbot_bringup:/opt/ros/jazzy /usr/bin/cmake --install /home/zhettus/ros2_ws/build/rosbot
[0.930s] Level 1:colcon.colcon_core.environment:create_environment_scripts_only(husarion_gz_worlds)
[0.936s] Level 1:colcon.colcon_core.environment:checking '/home/zhettus/ros2_ws/install/husarion_gz_worlds' for CMake module files
[0.938s] Level 1:colcon.colcon_core.environment:checking '/home/zhettus/ros2_ws/install/husarion_gz_worlds' for CMake config files
[0.940s] Level 1:colcon.colcon_core.shell:create_environment_hook('husarion_gz_worlds', 'cmake_prefix_path')
[0.940s] INFO:colcon.colcon_core.shell:Creating environment hook '/home/zhettus/ros2_ws/install/husarion_gz_worlds/share/husarion_gz_worlds/hook/cmake_prefix_path.ps1'
[0.942s] INFO:colcon.colcon_core.shell:Creating environment descriptor '/home/zhettus/ros2_ws/install/husarion_gz_worlds/share/husarion_gz_worlds/hook/cmake_prefix_path.dsv'
[0.943s] INFO:colcon.colcon_core.shell:Creating environment hook '/home/zhettus/ros2_ws/install/husarion_gz_worlds/share/husarion_gz_worlds/hook/cmake_prefix_path.sh'
[0.945s] DEBUG:colcon.colcon_core.event_handler.log_command:Invoked command in '/home/zhettus/ros2_ws/build/husarion_gz_worlds' returned '0': CMAKE_PREFIX_PATH=${CMAKE_PREFIX_PATH}:/home/zhettus/rosbot_ws/install/rosbot_controller:/home/zhettus/rosbot_ws/install/rosbot_utils:/home/zhettus/rosbot_ws/install/rosbot_gazebo:/home/zhettus/rosbot_ws/install/rosbot_bringup:/home/zhettus/ros2_ws/install/rosbot_utils:/home/zhettus/ros2_ws/install/rosbot_gazebo:/home/zhettus/ros2_ws/install/rosbot_controller:/home/zhettus/ros2_ws/install/rosbot_bringup:/opt/ros/jazzy /usr/bin/cmake --install /home/zhettus/ros2_ws/build/husarion_gz_worlds
[0.952s] Level 1:colcon.colcon_core.environment:checking '/home/zhettus/ros2_ws/install/husarion_gz_worlds/bin'
[0.952s] Level 1:colcon.colcon_core.environment:checking '/home/zhettus/ros2_ws/install/husarion_gz_worlds/lib/pkgconfig/husarion_gz_worlds.pc'
[0.952s] Level 1:colcon.colcon_core.environment:checking '/home/zhettus/ros2_ws/install/husarion_gz_worlds/lib/python3.12/site-packages'
[0.952s] Level 1:colcon.colcon_core.environment:checking '/home/zhettus/ros2_ws/install/husarion_gz_worlds/bin'
[0.952s] INFO:colcon.colcon_core.shell:Creating package script '/home/zhettus/ros2_ws/install/husarion_gz_worlds/share/husarion_gz_worlds/package.ps1'
[0.953s] INFO:colcon.colcon_core.shell:Creating package descriptor '/home/zhettus/ros2_ws/install/husarion_gz_worlds/share/husarion_gz_worlds/package.dsv'
[0.953s] INFO:colcon.colcon_core.shell:Creating package script '/home/zhettus/ros2_ws/install/husarion_gz_worlds/share/husarion_gz_worlds/package.sh'
[0.954s] INFO:colcon.colcon_core.shell:Creating package script '/home/zhettus/ros2_ws/install/husarion_gz_worlds/share/husarion_gz_worlds/package.bash'
[0.954s] INFO:colcon.colcon_core.shell:Creating package script '/home/zhettus/ros2_ws/install/husarion_gz_worlds/share/husarion_gz_worlds/package.zsh'
[0.954s] Level 1:colcon.colcon_core.environment:create_file_with_runtime_dependencies(/home/zhettus/ros2_ws/install/husarion_gz_worlds/share/colcon-core/packages/husarion_gz_worlds)
[0.954s] Level 1:colcon.colcon_core.environment:create_environment_scripts_only(husarion_gz_worlds)
[0.954s] Level 1:colcon.colcon_core.environment:checking '/home/zhettus/ros2_ws/install/husarion_gz_worlds' for CMake module files
[0.958s] Level 1:colcon.colcon_core.environment:checking '/home/zhettus/ros2_ws/install/husarion_gz_worlds' for CMake config files
[0.959s] Level 1:colcon.colcon_core.shell:create_environment_hook('husarion_gz_worlds', 'cmake_prefix_path')
[0.959s] INFO:colcon.colcon_core.shell:Creating environment hook '/home/zhettus/ros2_ws/install/husarion_gz_worlds/share/husarion_gz_worlds/hook/cmake_prefix_path.ps1'
[0.959s] INFO:colcon.colcon_core.shell:Creating environment descriptor '/home/zhettus/ros2_ws/install/husarion_gz_worlds/share/husarion_gz_worlds/hook/cmake_prefix_path.dsv'
[0.960s] INFO:colcon.colcon_core.shell:Creating environment hook '/home/zhettus/ros2_ws/install/husarion_gz_worlds/share/husarion_gz_worlds/hook/cmake_prefix_path.sh'
[0.960s] Level 1:colcon.colcon_core.environment:checking '/home/zhettus/ros2_ws/install/husarion_gz_worlds/bin'
[0.960s] Level 1:colcon.colcon_core.environment:checking '/home/zhettus/ros2_ws/install/husarion_gz_worlds/lib/pkgconfig/husarion_gz_worlds.pc'
[0.960s] Level 1:colcon.colcon_core.environment:checking '/home/zhettus/ros2_ws/install/husarion_gz_worlds/lib/python3.12/site-packages'
[0.961s] Level 1:colcon.colcon_core.environment:checking '/home/zhettus/ros2_ws/install/husarion_gz_worlds/bin'
[0.961s] INFO:colcon.colcon_core.shell:Creating package script '/home/zhettus/ros2_ws/install/husarion_gz_worlds/share/husarion_gz_worlds/package.ps1'
[0.961s] INFO:colcon.colcon_core.shell:Creating package descriptor '/home/zhettus/ros2_ws/install/husarion_gz_worlds/share/husarion_gz_worlds/package.dsv'
[0.961s] INFO:colcon.colcon_core.shell:Creating package script '/home/zhettus/ros2_ws/install/husarion_gz_worlds/share/husarion_gz_worlds/package.sh'
[0.962s] INFO:colcon.colcon_core.shell:Creating package script '/home/zhettus/ros2_ws/install/husarion_gz_worlds/share/husarion_gz_worlds/package.bash'
[0.962s] INFO:colcon.colcon_core.shell:Creating package script '/home/zhettus/ros2_ws/install/husarion_gz_worlds/share/husarion_gz_worlds/package.zsh'
[0.962s] Level 1:colcon.colcon_core.environment:create_file_with_runtime_dependencies(/home/zhettus/ros2_ws/install/husarion_gz_worlds/share/colcon-core/packages/husarion_gz_worlds)
[0.962s] Level 1:colcon.colcon_core.environment:create_environment_scripts_only(rosbot)
[0.963s] Level 1:colcon.colcon_core.environment:checking '/home/zhettus/ros2_ws/install/rosbot' for CMake module files
[0.963s] DEBUG:colcon.colcon_core.event_handler.log_command:Invoked command in '/home/zhettus/ros2_ws/build/rosbot' returned '0': CMAKE_PREFIX_PATH=${CMAKE_PREFIX_PATH}:/home/zhettus/rosbot_ws/install/rosbot_controller:/home/zhettus/rosbot_ws/install/rosbot_utils:/home/zhettus/rosbot_ws/install/rosbot_gazebo:/home/zhettus/rosbot_ws/install/rosbot_bringup:/home/zhettus/ros2_ws/install/rosbot_utils:/home/zhettus/ros2_ws/install/rosbot_gazebo:/home/zhettus/ros2_ws/install/rosbot_controller:/home/zhettus/ros2_ws/install/rosbot_bringup:/opt/ros/jazzy /usr/bin/cmake --install /home/zhettus/ros2_ws/build/rosbot
[0.963s] Level 1:colcon.colcon_core.environment:checking '/home/zhettus/ros2_ws/install/rosbot' for CMake config files
[0.964s] Level 1:colcon.colcon_core.shell:create_environment_hook('rosbot', 'cmake_prefix_path')
[0.964s] INFO:colcon.colcon_core.shell:Creating environment hook '/home/zhettus/ros2_ws/install/rosbot/share/rosbot/hook/cmake_prefix_path.ps1'
[0.964s] INFO:colcon.colcon_core.shell:Creating environment descriptor '/home/zhettus/ros2_ws/install/rosbot/share/rosbot/hook/cmake_prefix_path.dsv'
[0.964s] INFO:colcon.colcon_core.shell:Creating environment hook '/home/zhettus/ros2_ws/install/rosbot/share/rosbot/hook/cmake_prefix_path.sh'
[0.965s] Level 1:colcon.colcon_core.environment:checking '/home/zhettus/ros2_ws/install/rosbot/bin'
[0.965s] Level 1:colcon.colcon_core.environment:checking '/home/zhettus/ros2_ws/install/rosbot/lib/pkgconfig/rosbot.pc'
[0.965s] Level 1:colcon.colcon_core.environment:checking '/home/zhettus/ros2_ws/install/rosbot/lib/python3.12/site-packages'
[0.965s] Level 1:colcon.colcon_core.environment:checking '/home/zhettus/ros2_ws/install/rosbot/bin'
[0.965s] INFO:colcon.colcon_core.shell:Creating package script '/home/zhettus/ros2_ws/install/rosbot/share/rosbot/package.ps1'
[0.966s] INFO:colcon.colcon_core.shell:Creating package descriptor '/home/zhettus/ros2_ws/install/rosbot/share/rosbot/package.dsv'
[0.966s] INFO:colcon.colcon_core.shell:Creating package script '/home/zhettus/ros2_ws/install/rosbot/share/rosbot/package.sh'
[0.967s] INFO:colcon.colcon_core.shell:Creating package script '/home/zhettus/ros2_ws/install/rosbot/share/rosbot/package.bash'
[0.967s] INFO:colcon.colcon_core.shell:Creating package script '/home/zhettus/ros2_ws/install/rosbot/share/rosbot/package.zsh'
[0.967s] Level 1:colcon.colcon_core.environment:create_file_with_runtime_dependencies(/home/zhettus/ros2_ws/install/rosbot/share/colcon-core/packages/rosbot)
[0.968s] Level 1:colcon.colcon_core.environment:create_environment_scripts_only(rosbot)
[0.968s] Level 1:colcon.colcon_core.environment:checking '/home/zhettus/ros2_ws/install/rosbot' for CMake module files
[0.968s] Level 1:colcon.colcon_core.environment:checking '/home/zhettus/ros2_ws/install/rosbot' for CMake config files
[0.968s] Level 1:colcon.colcon_core.shell:create_environment_hook('rosbot', 'cmake_prefix_path')
[0.969s] INFO:colcon.colcon_core.shell:Creating environment hook '/home/zhettus/ros2_ws/install/rosbot/share/rosbot/hook/cmake_prefix_path.ps1'
[0.969s] INFO:colcon.colcon_core.shell:Creating environment descriptor '/home/zhettus/ros2_ws/install/rosbot/share/rosbot/hook/cmake_prefix_path.dsv'
[0.969s] INFO:colcon.colcon_core.shell:Creating environment hook '/home/zhettus/ros2_ws/install/rosbot/share/rosbot/hook/cmake_prefix_path.sh'
[0.969s] Level 1:colcon.colcon_core.environment:checking '/home/zhettus/ros2_ws/install/rosbot/bin'
[0.969s] Level 1:colcon.colcon_core.environment:checking '/home/zhettus/ros2_ws/install/rosbot/lib/pkgconfig/rosbot.pc'
[0.969s] Level 1:colcon.colcon_core.environment:checking '/home/zhettus/ros2_ws/install/rosbot/lib/python3.12/site-packages'
[0.970s] Level 1:colcon.colcon_core.environment:checking '/home/zhettus/ros2_ws/install/rosbot/bin'
[0.970s] INFO:colcon.colcon_core.shell:Creating package script '/home/zhettus/ros2_ws/install/rosbot/share/rosbot/package.ps1'
[0.970s] INFO:colcon.colcon_core.shell:Creating package descriptor '/home/zhettus/ros2_ws/install/rosbot/share/rosbot/package.dsv'
[0.970s] INFO:colcon.colcon_core.shell:Creating package script '/home/zhettus/ros2_ws/install/rosbot/share/rosbot/package.sh'
[0.970s] INFO:colcon.colcon_core.shell:Creating package script '/home/zhettus/ros2_ws/install/rosbot/share/rosbot/package.bash'
[0.971s] INFO:colcon.colcon_core.shell:Creating package script '/home/zhettus/ros2_ws/install/rosbot/share/rosbot/package.zsh'
[0.971s] Level 1:colcon.colcon_core.environment:create_file_with_runtime_dependencies(/home/zhettus/ros2_ws/install/rosbot/share/colcon-core/packages/rosbot)
[0.971s] Level 1:colcon.colcon_core.environment:create_environment_scripts_only(rosbot_description)
[0.971s] Level 1:colcon.colcon_core.environment:checking '/home/zhettus/ros2_ws/install/rosbot_description' for CMake module files
[0.972s] Level 1:colcon.colcon_core.environment:checking '/home/zhettus/ros2_ws/install/rosbot_description' for CMake config files
[0.972s] DEBUG:colcon.colcon_core.event_handler.log_command:Invoked command in '/home/zhettus/ros2_ws/build/rosbot_description' returned '0': CMAKE_PREFIX_PATH=${CMAKE_PREFIX_PATH}:/home/zhettus/rosbot_ws/install/rosbot_controller:/home/zhettus/rosbot_ws/install/rosbot_utils:/home/zhettus/rosbot_ws/install/rosbot_gazebo:/home/zhettus/rosbot_ws/install/rosbot_bringup:/home/zhettus/ros2_ws/install/rosbot_utils:/home/zhettus/ros2_ws/install/rosbot_gazebo:/home/zhettus/ros2_ws/install/rosbot_controller:/home/zhettus/ros2_ws/install/rosbot_bringup:/opt/ros/jazzy /usr/bin/cmake --install /home/zhettus/ros2_ws/build/rosbot_description
[0.973s] Level 1:colcon.colcon_core.shell:create_environment_hook('rosbot_description', 'cmake_prefix_path')
[0.973s] INFO:colcon.colcon_core.shell:Creating environment hook '/home/zhettus/ros2_ws/install/rosbot_description/share/rosbot_description/hook/cmake_prefix_path.ps1'
[0.973s] INFO:colcon.colcon_core.shell:Creating environment descriptor '/home/zhettus/ros2_ws/install/rosbot_description/share/rosbot_description/hook/cmake_prefix_path.dsv'
[0.973s] INFO:colcon.colcon_core.shell:Creating environment hook '/home/zhettus/ros2_ws/install/rosbot_description/share/rosbot_description/hook/cmake_prefix_path.sh'
[0.974s] Level 1:colcon.colcon_core.environment:checking '/home/zhettus/ros2_ws/install/rosbot_description/bin'
[0.974s] Level 1:colcon.colcon_core.environment:checking '/home/zhettus/ros2_ws/install/rosbot_description/lib/pkgconfig/rosbot_description.pc'
[0.974s] Level 1:colcon.colcon_core.environment:checking '/home/zhettus/ros2_ws/install/rosbot_description/lib/python3.12/site-packages'
[0.974s] Level 1:colcon.colcon_core.environment:checking '/home/zhettus/ros2_ws/install/rosbot_description/bin'
[0.974s] INFO:colcon.colcon_core.shell:Creating package script '/home/zhettus/ros2_ws/install/rosbot_description/share/rosbot_description/package.ps1'
[0.975s] INFO:colcon.colcon_core.shell:Creating package descriptor '/home/zhettus/ros2_ws/install/rosbot_description/share/rosbot_description/package.dsv'
[0.975s] INFO:colcon.colcon_core.shell:Creating package script '/home/zhettus/ros2_ws/install/rosbot_description/share/rosbot_description/package.sh'
[0.976s] INFO:colcon.colcon_core.shell:Creating package script '/home/zhettus/ros2_ws/install/rosbot_description/share/rosbot_description/package.bash'
[0.976s] INFO:colcon.colcon_core.shell:Creating package script '/home/zhettus/ros2_ws/install/rosbot_description/share/rosbot_description/package.zsh'
[0.976s] Level 1:colcon.colcon_core.environment:create_file_with_runtime_dependencies(/home/zhettus/ros2_ws/install/rosbot_description/share/colcon-core/packages/rosbot_description)
[0.976s] Level 1:colcon.colcon_core.environment:create_environment_scripts_only(rosbot_description)
[0.976s] Level 1:colcon.colcon_core.environment:checking '/home/zhettus/ros2_ws/install/rosbot_description' for CMake module files
[0.977s] Level 1:colcon.colcon_core.environment:checking '/home/zhettus/ros2_ws/install/rosbot_description' for CMake config files
[0.977s] Level 1:colcon.colcon_core.shell:create_environment_hook('rosbot_description', 'cmake_prefix_path')
[0.977s] INFO:colcon.colcon_core.shell:Creating environment hook '/home/zhettus/ros2_ws/install/rosbot_description/share/rosbot_description/hook/cmake_prefix_path.ps1'
[0.978s] INFO:colcon.colcon_core.shell:Creating environment descriptor '/home/zhettus/ros2_ws/install/rosbot_description/share/rosbot_description/hook/cmake_prefix_path.dsv'
[0.978s] INFO:colcon.colcon_core.shell:Creating environment hook '/home/zhettus/ros2_ws/install/rosbot_description/share/rosbot_description/hook/cmake_prefix_path.sh'
[0.978s] Level 1:colcon.colcon_core.environment:checking '/home/zhettus/ros2_ws/install/rosbot_description/bin'
[0.978s] Level 1:colcon.colcon_core.environment:checking '/home/zhettus/ros2_ws/install/rosbot_description/lib/pkgconfig/rosbot_description.pc'
[0.978s] Level 1:colcon.colcon_core.environment:checking '/home/zhettus/ros2_ws/install/rosbot_description/lib/python3.12/site-packages'
[0.978s] Level 1:colcon.colcon_core.environment:checking '/home/zhettus/ros2_ws/install/rosbot_description/bin'
[0.979s] INFO:colcon.colcon_core.shell:Creating package script '/home/zhettus/ros2_ws/install/rosbot_description/share/rosbot_description/package.ps1'
[0.979s] INFO:colcon.colcon_core.shell:Creating package descriptor '/home/zhettus/ros2_ws/install/rosbot_description/share/rosbot_description/package.dsv'
[0.980s] INFO:colcon.colcon_core.shell:Creating package script '/home/zhettus/ros2_ws/install/rosbot_description/share/rosbot_description/package.sh'
[0.980s] INFO:colcon.colcon_core.shell:Creating package script '/home/zhettus/ros2_ws/install/rosbot_description/share/rosbot_description/package.bash'
[0.980s] INFO:colcon.colcon_core.shell:Creating package script '/home/zhettus/ros2_ws/install/rosbot_description/share/rosbot_description/package.zsh'
[0.980s] Level 1:colcon.colcon_core.environment:create_file_with_runtime_dependencies(/home/zhettus/ros2_ws/install/rosbot_description/share/colcon-core/packages/rosbot_description)
[0.981s] INFO:colcon.colcon_ros.task.ament_cmake.build:Building ROS package in '/home/zhettus/ros2_ws/src/test' with build type 'ament_cmake'
[0.981s] INFO:colcon.colcon_cmake.task.cmake.build:Building CMake package in '/home/zhettus/ros2_ws/src/test'
[0.981s] INFO:colcon.colcon_core.shell:Skip shell extension 'powershell' for command environment: Not usable outside of PowerShell
[0.981s] DEBUG:colcon.colcon_core.shell:Skip shell extension 'dsv' for command environment
[0.986s] INFO:colcon.colcon_ros.task.ament_cmake.build:Building ROS package in '/home/zhettus/ros2_ws/src/tutorial_pkg' with build type 'ament_cmake'
[0.986s] INFO:colcon.colcon_cmake.task.cmake.build:Building CMake package in '/home/zhettus/ros2_ws/src/tutorial_pkg'
[0.986s] INFO:colcon.colcon_core.shell:Skip shell extension 'powershell' for command environment: Not usable outside of PowerShell
[0.986s] DEBUG:colcon.colcon_core.shell:Skip shell extension 'dsv' for command environment
[0.990s] INFO:colcon.colcon_ros.task.ament_python.build:Building ROS package in '/home/zhettus/ros2_ws/src/rosbot_xl_ros/rosbot_controller' with build type 'ament_python'
[0.990s] Level 1:colcon.colcon_core.shell:create_environment_hook('rosbot_controller', 'ament_prefix_path')
[0.990s] INFO:colcon.colcon_core.shell:Creating environment hook '/home/zhettus/ros2_ws/install/rosbot_controller/share/rosbot_controller/hook/ament_prefix_path.ps1'
[0.991s] INFO:colcon.colcon_core.shell:Creating environment descriptor '/home/zhettus/ros2_ws/install/rosbot_controller/share/rosbot_controller/hook/ament_prefix_path.dsv'
[0.991s] INFO:colcon.colcon_core.shell:Creating environment hook '/home/zhettus/ros2_ws/install/rosbot_controller/share/rosbot_controller/hook/ament_prefix_path.sh'
[0.991s] INFO:colcon.colcon_core.shell:Skip shell extension 'powershell' for command environment: Not usable outside of PowerShell
[0.991s] DEBUG:colcon.colcon_core.shell:Skip shell extension 'dsv' for command environment
[0.999s] DEBUG:colcon.colcon_core.event_handler.log_command:Invoking command in '/home/zhettus/ros2_ws/build/test': CMAKE_PREFIX_PATH=${CMAKE_PREFIX_PATH}:/home/zhettus/rosbot_ws/install/rosbot_controller:/home/zhettus/rosbot_ws/install/rosbot_utils:/home/zhettus/rosbot_ws/install/rosbot_gazebo:/home/zhettus/rosbot_ws/install/rosbot_bringup:/home/zhettus/ros2_ws/install/rosbot_utils:/home/zhettus/ros2_ws/install/rosbot_gazebo:/home/zhettus/ros2_ws/install/rosbot_controller:/home/zhettus/ros2_ws/install/rosbot_bringup:/opt/ros/jazzy /usr/bin/cmake --build /home/zhettus/ros2_ws/build/test -- -j6 -l6
[1.002s] DEBUG:colcon.colcon_core.event_handler.log_command:Invoking command in '/home/zhettus/ros2_ws/build/tutorial_pkg': CMAKE_PREFIX_PATH=${CMAKE_PREFIX_PATH}:/home/zhettus/rosbot_ws/install/rosbot_controller:/home/zhettus/rosbot_ws/install/rosbot_utils:/home/zhettus/rosbot_ws/install/rosbot_gazebo:/home/zhettus/rosbot_ws/install/rosbot_bringup:/home/zhettus/ros2_ws/install/rosbot_utils:/home/zhettus/ros2_ws/install/rosbot_gazebo:/home/zhettus/ros2_ws/install/rosbot_controller:/home/zhettus/ros2_ws/install/rosbot_bringup:/opt/ros/jazzy /usr/bin/cmake --build /home/zhettus/ros2_ws/build/tutorial_pkg -- -j6 -l6
[1.213s] INFO:colcon.colcon_core.task.python.build:Building Python package in '/home/zhettus/ros2_ws/src/rosbot_xl_ros/rosbot_controller'
[1.213s] INFO:colcon.colcon_core.shell:Skip shell extension 'powershell' for command environment: Not usable outside of PowerShell
[1.213s] DEBUG:colcon.colcon_core.shell:Skip shell extension 'dsv' for command environment
[1.218s] DEBUG:colcon.colcon_core.event_handler.log_command:Invoked command in '/home/zhettus/ros2_ws/build/tutorial_pkg' returned '0': CMAKE_PREFIX_PATH=${CMAKE_PREFIX_PATH}:/home/zhettus/rosbot_ws/install/rosbot_controller:/home/zhettus/rosbot_ws/install/rosbot_utils:/home/zhettus/rosbot_ws/install/rosbot_gazebo:/home/zhettus/rosbot_ws/install/rosbot_bringup:/home/zhettus/ros2_ws/install/rosbot_utils:/home/zhettus/ros2_ws/install/rosbot_gazebo:/home/zhettus/ros2_ws/install/rosbot_controller:/home/zhettus/ros2_ws/install/rosbot_bringup:/opt/ros/jazzy /usr/bin/cmake --build /home/zhettus/ros2_ws/build/tutorial_pkg -- -j6 -l6
[1.219s] DEBUG:colcon.colcon_core.event_handler.log_command:Invoking command in '/home/zhettus/ros2_ws/build/tutorial_pkg': CMAKE_PREFIX_PATH=${CMAKE_PREFIX_PATH}:/home/zhettus/rosbot_ws/install/rosbot_controller:/home/zhettus/rosbot_ws/install/rosbot_utils:/home/zhettus/rosbot_ws/install/rosbot_gazebo:/home/zhettus/rosbot_ws/install/rosbot_bringup:/home/zhettus/ros2_ws/install/rosbot_utils:/home/zhettus/ros2_ws/install/rosbot_gazebo:/home/zhettus/ros2_ws/install/rosbot_controller:/home/zhettus/ros2_ws/install/rosbot_bringup:/opt/ros/jazzy /usr/bin/cmake --install /home/zhettus/ros2_ws/build/tutorial_pkg
[1.223s] DEBUG:colcon.colcon_core.event_handler.log_command:Invoked command in '/home/zhettus/ros2_ws/build/test' returned '0': CMAKE_PREFIX_PATH=${CMAKE_PREFIX_PATH}:/home/zhettus/rosbot_ws/install/rosbot_controller:/home/zhettus/rosbot_ws/install/rosbot_utils:/home/zhettus/rosbot_ws/install/rosbot_gazebo:/home/zhettus/rosbot_ws/install/rosbot_bringup:/home/zhettus/ros2_ws/install/rosbot_utils:/home/zhettus/ros2_ws/install/rosbot_gazebo:/home/zhettus/ros2_ws/install/rosbot_controller:/home/zhettus/ros2_ws/install/rosbot_bringup:/opt/ros/jazzy /usr/bin/cmake --build /home/zhettus/ros2_ws/build/test -- -j6 -l6
[1.223s] DEBUG:colcon.colcon_core.event_handler.log_command:Invoking command in '/home/zhettus/ros2_ws/build/test': CMAKE_PREFIX_PATH=${CMAKE_PREFIX_PATH}:/home/zhettus/rosbot_ws/install/rosbot_controller:/home/zhettus/rosbot_ws/install/rosbot_utils:/home/zhettus/rosbot_ws/install/rosbot_gazebo:/home/zhettus/rosbot_ws/install/rosbot_bringup:/home/zhettus/ros2_ws/install/rosbot_utils:/home/zhettus/ros2_ws/install/rosbot_gazebo:/home/zhettus/ros2_ws/install/rosbot_controller:/home/zhettus/ros2_ws/install/rosbot_bringup:/opt/ros/jazzy /usr/bin/cmake --install /home/zhettus/ros2_ws/build/test
[1.246s] Level 1:colcon.colcon_core.environment:create_environment_scripts_only(test)
[1.247s] Level 1:colcon.colcon_core.environment:checking '/home/zhettus/ros2_ws/install/test' for CMake module files
[1.248s] Level 1:colcon.colcon_core.environment:checking '/home/zhettus/ros2_ws/install/test' for CMake config files
[1.249s] Level 1:colcon.colcon_core.shell:create_environment_hook('test', 'cmake_prefix_path')
[1.249s] INFO:colcon.colcon_core.shell:Creating environment hook '/home/zhettus/ros2_ws/install/test/share/test/hook/cmake_prefix_path.ps1'
[1.249s] DEBUG:colcon.colcon_core.event_handler.log_command:Invoked command in '/home/zhettus/ros2_ws/build/test' returned '0': CMAKE_PREFIX_PATH=${CMAKE_PREFIX_PATH}:/home/zhettus/rosbot_ws/install/rosbot_controller:/home/zhettus/rosbot_ws/install/rosbot_utils:/home/zhettus/rosbot_ws/install/rosbot_gazebo:/home/zhettus/rosbot_ws/install/rosbot_bringup:/home/zhettus/ros2_ws/install/rosbot_utils:/home/zhettus/ros2_ws/install/rosbot_gazebo:/home/zhettus/ros2_ws/install/rosbot_controller:/home/zhettus/ros2_ws/install/rosbot_bringup:/opt/ros/jazzy /usr/bin/cmake --install /home/zhettus/ros2_ws/build/test
[1.251s] INFO:colcon.colcon_core.shell:Creating environment descriptor '/home/zhettus/ros2_ws/install/test/share/test/hook/cmake_prefix_path.dsv'
[1.252s] INFO:colcon.colcon_core.shell:Creating environment hook '/home/zhettus/ros2_ws/install/test/share/test/hook/cmake_prefix_path.sh'
[1.253s] Level 1:colcon.colcon_core.environment:checking '/home/zhettus/ros2_ws/install/test/lib'
[1.256s] Level 1:colcon.colcon_core.environment:checking '/home/zhettus/ros2_ws/install/test/bin'
[1.256s] Level 1:colcon.colcon_core.environment:checking '/home/zhettus/ros2_ws/install/test/lib/pkgconfig/test.pc'
[1.256s] Level 1:colcon.colcon_core.environment:checking '/home/zhettus/ros2_ws/install/test/lib/python3.12/site-packages'
[1.256s] Level 1:colcon.colcon_core.environment:checking '/home/zhettus/ros2_ws/install/test/bin'
[1.257s] INFO:colcon.colcon_core.shell:Creating package script '/home/zhettus/ros2_ws/install/test/share/test/package.ps1'
[1.259s] INFO:colcon.colcon_core.shell:Creating package descriptor '/home/zhettus/ros2_ws/install/test/share/test/package.dsv'
[1.260s] INFO:colcon.colcon_core.shell:Creating package script '/home/zhettus/ros2_ws/install/test/share/test/package.sh'
[1.260s] INFO:colcon.colcon_core.shell:Creating package script '/home/zhettus/ros2_ws/install/test/share/test/package.bash'
[1.261s] INFO:colcon.colcon_core.shell:Creating package script '/home/zhettus/ros2_ws/install/test/share/test/package.zsh'
[1.261s] Level 1:colcon.colcon_core.environment:create_file_with_runtime_dependencies(/home/zhettus/ros2_ws/install/test/share/colcon-core/packages/test)
[1.264s] Level 1:colcon.colcon_core.environment:create_environment_scripts_only(test)
[1.264s] Level 1:colcon.colcon_core.environment:checking '/home/zhettus/ros2_ws/install/test' for CMake module files
[1.264s] Level 1:colcon.colcon_core.environment:checking '/home/zhettus/ros2_ws/install/test' for CMake config files
[1.264s] Level 1:colcon.colcon_core.shell:create_environment_hook('test', 'cmake_prefix_path')
[1.265s] INFO:colcon.colcon_core.shell:Creating environment hook '/home/zhettus/ros2_ws/install/test/share/test/hook/cmake_prefix_path.ps1'
[1.265s] INFO:colcon.colcon_core.shell:Creating environment descriptor '/home/zhettus/ros2_ws/install/test/share/test/hook/cmake_prefix_path.dsv'
[1.265s] INFO:colcon.colcon_core.shell:Creating environment hook '/home/zhettus/ros2_ws/install/test/share/test/hook/cmake_prefix_path.sh'
[1.265s] Level 1:colcon.colcon_core.environment:checking '/home/zhettus/ros2_ws/install/test/lib'
[1.265s] Level 1:colcon.colcon_core.environment:checking '/home/zhettus/ros2_ws/install/test/bin'
[1.266s] Level 1:colcon.colcon_core.environment:checking '/home/zhettus/ros2_ws/install/test/lib/pkgconfig/test.pc'
[1.266s] Level 1:colcon.colcon_core.environment:checking '/home/zhettus/ros2_ws/install/test/lib/python3.12/site-packages'
[1.267s] Level 1:colcon.colcon_core.environment:checking '/home/zhettus/ros2_ws/install/test/bin'
[1.267s] INFO:colcon.colcon_core.shell:Creating package script '/home/zhettus/ros2_ws/install/test/share/test/package.ps1'
[1.267s] INFO:colcon.colcon_core.shell:Creating package descriptor '/home/zhettus/ros2_ws/install/test/share/test/package.dsv'
[1.270s] INFO:colcon.colcon_core.shell:Creating package script '/home/zhettus/ros2_ws/install/test/share/test/package.sh'
[1.271s] INFO:colcon.colcon_core.shell:Creating package script '/home/zhettus/ros2_ws/install/test/share/test/package.bash'
[1.271s] INFO:colcon.colcon_core.shell:Creating package script '/home/zhettus/ros2_ws/install/test/share/test/package.zsh'
[1.273s] Level 1:colcon.colcon_core.environment:create_file_with_runtime_dependencies(/home/zhettus/ros2_ws/install/test/share/colcon-core/packages/test)
[1.275s] Level 1:colcon.colcon_core.environment:create_environment_scripts_only(tutorial_pkg)
[1.275s] Level 1:colcon.colcon_core.environment:checking '/home/zhettus/ros2_ws/install/tutorial_pkg' for CMake module files
[1.276s] Level 1:colcon.colcon_core.environment:checking '/home/zhettus/ros2_ws/install/tutorial_pkg' for CMake config files
[1.276s] DEBUG:colcon.colcon_core.event_handler.log_command:Invoked command in '/home/zhettus/ros2_ws/build/tutorial_pkg' returned '0': CMAKE_PREFIX_PATH=${CMAKE_PREFIX_PATH}:/home/zhettus/rosbot_ws/install/rosbot_controller:/home/zhettus/rosbot_ws/install/rosbot_utils:/home/zhettus/rosbot_ws/install/rosbot_gazebo:/home/zhettus/rosbot_ws/install/rosbot_bringup:/home/zhettus/ros2_ws/install/rosbot_utils:/home/zhettus/ros2_ws/install/rosbot_gazebo:/home/zhettus/ros2_ws/install/rosbot_controller:/home/zhettus/ros2_ws/install/rosbot_bringup:/opt/ros/jazzy /usr/bin/cmake --install /home/zhettus/ros2_ws/build/tutorial_pkg
[1.276s] Level 1:colcon.colcon_core.shell:create_environment_hook('tutorial_pkg', 'cmake_prefix_path')
[1.276s] INFO:colcon.colcon_core.shell:Creating environment hook '/home/zhettus/ros2_ws/install/tutorial_pkg/share/tutorial_pkg/hook/cmake_prefix_path.ps1'
[1.277s] INFO:colcon.colcon_core.shell:Creating environment descriptor '/home/zhettus/ros2_ws/install/tutorial_pkg/share/tutorial_pkg/hook/cmake_prefix_path.dsv'
[1.277s] INFO:colcon.colcon_core.shell:Creating environment hook '/home/zhettus/ros2_ws/install/tutorial_pkg/share/tutorial_pkg/hook/cmake_prefix_path.sh'
[1.277s] Level 1:colcon.colcon_core.environment:checking '/home/zhettus/ros2_ws/install/tutorial_pkg/bin'
[1.277s] Level 1:colcon.colcon_core.environment:checking '/home/zhettus/ros2_ws/install/tutorial_pkg/lib/pkgconfig/tutorial_pkg.pc'
[1.277s] Level 1:colcon.colcon_core.environment:checking '/home/zhettus/ros2_ws/install/tutorial_pkg/lib/python3.12/site-packages'
[1.278s] Level 1:colcon.colcon_core.environment:checking '/home/zhettus/ros2_ws/install/tutorial_pkg/bin'
[1.278s] INFO:colcon.colcon_core.shell:Creating package script '/home/zhettus/ros2_ws/install/tutorial_pkg/share/tutorial_pkg/package.ps1'
[1.278s] INFO:colcon.colcon_core.shell:Creating package descriptor '/home/zhettus/ros2_ws/install/tutorial_pkg/share/tutorial_pkg/package.dsv'
[1.278s] INFO:colcon.colcon_core.shell:Creating package script '/home/zhettus/ros2_ws/install/tutorial_pkg/share/tutorial_pkg/package.sh'
[1.278s] INFO:colcon.colcon_core.shell:Creating package script '/home/zhettus/ros2_ws/install/tutorial_pkg/share/tutorial_pkg/package.bash'
[1.279s] INFO:colcon.colcon_core.shell:Creating package script '/home/zhettus/ros2_ws/install/tutorial_pkg/share/tutorial_pkg/package.zsh'
[1.279s] Level 1:colcon.colcon_core.environment:create_file_with_runtime_dependencies(/home/zhettus/ros2_ws/install/tutorial_pkg/share/colcon-core/packages/tutorial_pkg)
[1.279s] Level 1:colcon.colcon_core.environment:create_environment_scripts_only(tutorial_pkg)
[1.280s] Level 1:colcon.colcon_core.environment:checking '/home/zhettus/ros2_ws/install/tutorial_pkg' for CMake module files
[1.280s] Level 1:colcon.colcon_core.environment:checking '/home/zhettus/ros2_ws/install/tutorial_pkg' for CMake config files
[1.280s] Level 1:colcon.colcon_core.shell:create_environment_hook('tutorial_pkg', 'cmake_prefix_path')
[1.280s] INFO:colcon.colcon_core.shell:Creating environment hook '/home/zhettus/ros2_ws/install/tutorial_pkg/share/tutorial_pkg/hook/cmake_prefix_path.ps1'
[1.280s] INFO:colcon.colcon_core.shell:Creating environment descriptor '/home/zhettus/ros2_ws/install/tutorial_pkg/share/tutorial_pkg/hook/cmake_prefix_path.dsv'
[1.280s] INFO:colcon.colcon_core.shell:Creating environment hook '/home/zhettus/ros2_ws/install/tutorial_pkg/share/tutorial_pkg/hook/cmake_prefix_path.sh'
[1.281s] Level 1:colcon.colcon_core.environment:checking '/home/zhettus/ros2_ws/install/tutorial_pkg/bin'
[1.281s] Level 1:colcon.colcon_core.environment:checking '/home/zhettus/ros2_ws/install/tutorial_pkg/lib/pkgconfig/tutorial_pkg.pc'
[1.281s] Level 1:colcon.colcon_core.environment:checking '/home/zhettus/ros2_ws/install/tutorial_pkg/lib/python3.12/site-packages'
[1.281s] Level 1:colcon.colcon_core.environment:checking '/home/zhettus/ros2_ws/install/tutorial_pkg/bin'
[1.281s] INFO:colcon.colcon_core.shell:Creating package script '/home/zhettus/ros2_ws/install/tutorial_pkg/share/tutorial_pkg/package.ps1'
[1.282s] INFO:colcon.colcon_core.shell:Creating package descriptor '/home/zhettus/ros2_ws/install/tutorial_pkg/share/tutorial_pkg/package.dsv'
[1.282s] INFO:colcon.colcon_core.shell:Creating package script '/home/zhettus/ros2_ws/install/tutorial_pkg/share/tutorial_pkg/package.sh'
[1.282s] INFO:colcon.colcon_core.shell:Creating package script '/home/zhettus/ros2_ws/install/tutorial_pkg/share/tutorial_pkg/package.bash'
[1.283s] INFO:colcon.colcon_core.shell:Creating package script '/home/zhettus/ros2_ws/install/tutorial_pkg/share/tutorial_pkg/package.zsh'
[1.283s] Level 1:colcon.colcon_core.environment:create_file_with_runtime_dependencies(/home/zhettus/ros2_ws/install/tutorial_pkg/share/colcon-core/packages/tutorial_pkg)
[1.603s] DEBUG:colcon.colcon_core.event_handler.log_command:Invoking command in '/home/zhettus/ros2_ws/src/rosbot_xl_ros/rosbot_bringup': PYTHONPATH=/home/zhettus/ros2_ws/build/rosbot_bringup/prefix_override:/usr/lib/python3/dist-packages/colcon_core/task/python/colcon_distutils_commands:/home/zhettus/ros2_ws/install/rosbot_bringup/lib/python3.12/site-packages:${PYTHONPATH} /usr/bin/python3 -W ignore:setup.py install is deprecated -W ignore:easy_install command is deprecated setup.py egg_info --egg-base ../../../build/rosbot_bringup build --build-base /home/zhettus/ros2_ws/build/rosbot_bringup/build install --record /home/zhettus/ros2_ws/build/rosbot_bringup/install.log --single-version-externally-managed install_data
[1.661s] DEBUG:colcon.colcon_core.event_handler.log_command:Invoking command in '/home/zhettus/ros2_ws/src/rosbot_xl_ros/rosbot_gazebo': PYTHONPATH=/home/zhettus/ros2_ws/build/rosbot_gazebo/prefix_override:/usr/lib/python3/dist-packages/colcon_core/task/python/colcon_distutils_commands:/home/zhettus/ros2_ws/install/rosbot_gazebo/lib/python3.12/site-packages:${PYTHONPATH} /usr/bin/python3 -W ignore:setup.py install is deprecated -W ignore:easy_install command is deprecated setup.py egg_info --egg-base ../../../build/rosbot_gazebo build --build-base /home/zhettus/ros2_ws/build/rosbot_gazebo/build install --record /home/zhettus/ros2_ws/build/rosbot_gazebo/install.log --single-version-externally-managed install_data
[1.722s] DEBUG:colcon.colcon_core.event_handler.log_command:Invoking command in '/home/zhettus/ros2_ws/src/rosbot_xl_ros/rosbot_utils': PYTHONPATH=/home/zhettus/ros2_ws/build/rosbot_utils/prefix_override:/usr/lib/python3/dist-packages/colcon_core/task/python/colcon_distutils_commands:/home/zhettus/ros2_ws/install/rosbot_utils/lib/python3.12/site-packages:${PYTHONPATH} /usr/bin/python3 -W ignore:setup.py install is deprecated -W ignore:easy_install command is deprecated setup.py egg_info --egg-base ../../../build/rosbot_utils build --build-base /home/zhettus/ros2_ws/build/rosbot_utils/build install --record /home/zhettus/ros2_ws/build/rosbot_utils/install.log --single-version-externally-managed install_data
[1.995s] DEBUG:colcon.colcon_core.event_handler.log_command:Invoking command in '/home/zhettus/ros2_ws/src/rosbot_xl_ros/rosbot_controller': CMAKE_PREFIX_PATH=/home/zhettus/ros2_ws/install/rosbot_description:/home/zhettus/rosbot_ws/install/rosbot_localization:/home/zhettus/rosbot_ws/install/rosbot_joy:/home/zhettus/rosbot_ws/install/rosbot_hardware_interfaces:/home/zhettus/rosbot_ws/install/rosbot_description:/home/zhettus/rosbot_ws/install/rosbot:/home/zhettus/rosbot_ws/install/husarion_gz_worlds:/home/zhettus/ros2_ws/install/tutorial_pkg:/home/zhettus/ros2_ws/install/test:/home/zhettus/ros2_ws/install/rosbot:/home/zhettus/ros2_ws/install/husarion_gz_worlds:/opt/ros/jazzy/opt/gz_sim_vendor:/opt/ros/jazzy/opt/gz_sensors_vendor:/opt/ros/jazzy/opt/gz_physics_vendor:/opt/ros/jazzy/opt/sdformat_vendor:/opt/ros/jazzy/opt/gz_gui_vendor:/opt/ros/jazzy/opt/gz_transport_vendor:/opt/ros/jazzy/opt/gz_rendering_vendor:/opt/ros/jazzy/opt/gz_plugin_vendor:/opt/ros/jazzy/opt/gz_fuel_tools_vendor:/opt/ros/jazzy/opt/gz_msgs_vendor:/opt/ros/jazzy/opt/gz_common_vendor:/opt/ros/jazzy/opt/gz_math_vendor:/opt/ros/jazzy/opt/gz_utils_vendor:/opt/ros/jazzy/opt/gz_tools_vendor:/opt/ros/jazzy/opt/gz_ogre_next_vendor:/opt/ros/jazzy/opt/gz_dartsim_vendor:/opt/ros/jazzy/opt/gz_cmake_vendor PYTHONPATH=/home/zhettus/ros2_ws/build/rosbot_controller/prefix_override:/usr/lib/python3/dist-packages/colcon_core/task/python/colcon_distutils_commands:/home/zhettus/ros2_ws/install/rosbot_controller/lib/python3.12/site-packages:${PYTHONPATH} /usr/bin/python3 -W ignore:setup.py install is deprecated -W ignore:easy_install command is deprecated setup.py egg_info --egg-base ../../../build/rosbot_controller build --build-base /home/zhettus/ros2_ws/build/rosbot_controller/build install --record /home/zhettus/ros2_ws/build/rosbot_controller/install.log --single-version-externally-managed install_data
[2.188s] Level 1:colcon.colcon_core.environment:checking '/home/zhettus/ros2_ws/install/rosbot_gazebo' for CMake module files
[2.188s] Level 1:colcon.colcon_core.environment:checking '/home/zhettus/ros2_ws/install/rosbot_gazebo' for CMake config files
[2.189s] Level 1:colcon.colcon_core.environment:checking '/home/zhettus/ros2_ws/install/rosbot_gazebo/lib'
[2.189s] Level 1:colcon.colcon_core.environment:checking '/home/zhettus/ros2_ws/install/rosbot_gazebo/bin'
[2.189s] Level 1:colcon.colcon_core.environment:checking '/home/zhettus/ros2_ws/install/rosbot_gazebo/lib/pkgconfig/rosbot_gazebo.pc'
[2.189s] Level 1:colcon.colcon_core.environment:checking '/home/zhettus/ros2_ws/install/rosbot_gazebo/lib/python3.12/site-packages'
[2.189s] Level 1:colcon.colcon_core.shell:create_environment_hook('rosbot_gazebo', 'pythonpath')
[2.189s] INFO:colcon.colcon_core.shell:Creating environment hook '/home/zhettus/ros2_ws/install/rosbot_gazebo/share/rosbot_gazebo/hook/pythonpath.ps1'
[2.190s] INFO:colcon.colcon_core.shell:Creating environment descriptor '/home/zhettus/ros2_ws/install/rosbot_gazebo/share/rosbot_gazebo/hook/pythonpath.dsv'
[2.190s] INFO:colcon.colcon_core.shell:Creating environment hook '/home/zhettus/ros2_ws/install/rosbot_gazebo/share/rosbot_gazebo/hook/pythonpath.sh'
[2.190s] Level 1:colcon.colcon_core.environment:checking '/home/zhettus/ros2_ws/install/rosbot_gazebo/bin'
[2.190s] Level 1:colcon.colcon_core.environment:create_environment_scripts_only(rosbot_gazebo)
[2.190s] INFO:colcon.colcon_core.shell:Creating package script '/home/zhettus/ros2_ws/install/rosbot_gazebo/share/rosbot_gazebo/package.ps1'
[2.191s] DEBUG:colcon.colcon_core.event_handler.log_command:Invoked command in '/home/zhettus/ros2_ws/src/rosbot_xl_ros/rosbot_gazebo' returned '0': PYTHONPATH=/home/zhettus/ros2_ws/build/rosbot_gazebo/prefix_override:/usr/lib/python3/dist-packages/colcon_core/task/python/colcon_distutils_commands:/home/zhettus/ros2_ws/install/rosbot_gazebo/lib/python3.12/site-packages:${PYTHONPATH} /usr/bin/python3 -W ignore:setup.py install is deprecated -W ignore:easy_install command is deprecated setup.py egg_info --egg-base ../../../build/rosbot_gazebo build --build-base /home/zhettus/ros2_ws/build/rosbot_gazebo/build install --record /home/zhettus/ros2_ws/build/rosbot_gazebo/install.log --single-version-externally-managed install_data
[2.193s] INFO:colcon.colcon_core.shell:Creating package descriptor '/home/zhettus/ros2_ws/install/rosbot_gazebo/share/rosbot_gazebo/package.dsv'
[2.193s] INFO:colcon.colcon_core.shell:Creating package script '/home/zhettus/ros2_ws/install/rosbot_gazebo/share/rosbot_gazebo/package.sh'
[2.194s] INFO:colcon.colcon_core.shell:Creating package script '/home/zhettus/ros2_ws/install/rosbot_gazebo/share/rosbot_gazebo/package.bash'
[2.194s] INFO:colcon.colcon_core.shell:Creating package script '/home/zhettus/ros2_ws/install/rosbot_gazebo/share/rosbot_gazebo/package.zsh'
[2.194s] Level 1:colcon.colcon_core.environment:create_file_with_runtime_dependencies(/home/zhettus/ros2_ws/install/rosbot_gazebo/share/colcon-core/packages/rosbot_gazebo)
[2.195s] Level 1:colcon.colcon_core.environment:checking '/home/zhettus/ros2_ws/install/rosbot_bringup' for CMake module files
[2.195s] Level 1:colcon.colcon_core.environment:checking '/home/zhettus/ros2_ws/install/rosbot_bringup' for CMake config files
[2.196s] Level 1:colcon.colcon_core.environment:checking '/home/zhettus/ros2_ws/install/rosbot_bringup/lib'
[2.197s] DEBUG:colcon.colcon_core.event_handler.log_command:Invoked command in '/home/zhettus/ros2_ws/src/rosbot_xl_ros/rosbot_bringup' returned '0': PYTHONPATH=/home/zhettus/ros2_ws/build/rosbot_bringup/prefix_override:/usr/lib/python3/dist-packages/colcon_core/task/python/colcon_distutils_commands:/home/zhettus/ros2_ws/install/rosbot_bringup/lib/python3.12/site-packages:${PYTHONPATH} /usr/bin/python3 -W ignore:setup.py install is deprecated -W ignore:easy_install command is deprecated setup.py egg_info --egg-base ../../../build/rosbot_bringup build --build-base /home/zhettus/ros2_ws/build/rosbot_bringup/build install --record /home/zhettus/ros2_ws/build/rosbot_bringup/install.log --single-version-externally-managed install_data
[2.197s] Level 1:colcon.colcon_core.environment:checking '/home/zhettus/ros2_ws/install/rosbot_bringup/bin'
[2.197s] Level 1:colcon.colcon_core.environment:checking '/home/zhettus/ros2_ws/install/rosbot_bringup/lib/pkgconfig/rosbot_bringup.pc'
[2.197s] Level 1:colcon.colcon_core.environment:checking '/home/zhettus/ros2_ws/install/rosbot_bringup/lib/python3.12/site-packages'
[2.197s] Level 1:colcon.colcon_core.shell:create_environment_hook('rosbot_bringup', 'pythonpath')
[2.198s] INFO:colcon.colcon_core.shell:Creating environment hook '/home/zhettus/ros2_ws/install/rosbot_bringup/share/rosbot_bringup/hook/pythonpath.ps1'
[2.198s] INFO:colcon.colcon_core.shell:Creating environment descriptor '/home/zhettus/ros2_ws/install/rosbot_bringup/share/rosbot_bringup/hook/pythonpath.dsv'
[2.198s] INFO:colcon.colcon_core.shell:Creating environment hook '/home/zhettus/ros2_ws/install/rosbot_bringup/share/rosbot_bringup/hook/pythonpath.sh'
[2.201s] Level 1:colcon.colcon_core.environment:checking '/home/zhettus/ros2_ws/install/rosbot_bringup/bin'
[2.201s] Level 1:colcon.colcon_core.environment:create_environment_scripts_only(rosbot_bringup)
[2.202s] INFO:colcon.colcon_core.shell:Creating package script '/home/zhettus/ros2_ws/install/rosbot_bringup/share/rosbot_bringup/package.ps1'
[2.203s] INFO:colcon.colcon_core.shell:Creating package descriptor '/home/zhettus/ros2_ws/install/rosbot_bringup/share/rosbot_bringup/package.dsv'
[2.203s] INFO:colcon.colcon_core.shell:Creating package script '/home/zhettus/ros2_ws/install/rosbot_bringup/share/rosbot_bringup/package.sh'
[2.203s] INFO:colcon.colcon_core.shell:Creating package script '/home/zhettus/ros2_ws/install/rosbot_bringup/share/rosbot_bringup/package.bash'
[2.203s] INFO:colcon.colcon_core.shell:Creating package script '/home/zhettus/ros2_ws/install/rosbot_bringup/share/rosbot_bringup/package.zsh'
[2.203s] Level 1:colcon.colcon_core.environment:create_file_with_runtime_dependencies(/home/zhettus/ros2_ws/install/rosbot_bringup/share/colcon-core/packages/rosbot_bringup)
[2.469s] Level 1:colcon.colcon_core.environment:checking '/home/zhettus/ros2_ws/install/rosbot_utils' for CMake module files
[2.470s] Level 1:colcon.colcon_core.environment:checking '/home/zhettus/ros2_ws/install/rosbot_utils' for CMake config files
[2.470s] DEBUG:colcon.colcon_core.event_handler.log_command:Invoked command in '/home/zhettus/ros2_ws/src/rosbot_xl_ros/rosbot_utils' returned '0': PYTHONPATH=/home/zhettus/ros2_ws/build/rosbot_utils/prefix_override:/usr/lib/python3/dist-packages/colcon_core/task/python/colcon_distutils_commands:/home/zhettus/ros2_ws/install/rosbot_utils/lib/python3.12/site-packages:${PYTHONPATH} /usr/bin/python3 -W ignore:setup.py install is deprecated -W ignore:easy_install command is deprecated setup.py egg_info --egg-base ../../../build/rosbot_utils build --build-base /home/zhettus/ros2_ws/build/rosbot_utils/build install --record /home/zhettus/ros2_ws/build/rosbot_utils/install.log --single-version-externally-managed install_data
[2.470s] Level 1:colcon.colcon_core.environment:checking '/home/zhettus/ros2_ws/install/rosbot_utils/lib'
[2.471s] Level 1:colcon.colcon_core.environment:checking '/home/zhettus/ros2_ws/install/rosbot_utils/bin'
[2.471s] Level 1:colcon.colcon_core.environment:checking '/home/zhettus/ros2_ws/install/rosbot_utils/lib/pkgconfig/rosbot_utils.pc'
[2.471s] Level 1:colcon.colcon_core.environment:checking '/home/zhettus/ros2_ws/install/rosbot_utils/lib/python3.12/site-packages'
[2.471s] Level 1:colcon.colcon_core.shell:create_environment_hook('rosbot_utils', 'pythonpath')
[2.471s] INFO:colcon.colcon_core.shell:Creating environment hook '/home/zhettus/ros2_ws/install/rosbot_utils/share/rosbot_utils/hook/pythonpath.ps1'
[2.472s] INFO:colcon.colcon_core.shell:Creating environment descriptor '/home/zhettus/ros2_ws/install/rosbot_utils/share/rosbot_utils/hook/pythonpath.dsv'
[2.472s] INFO:colcon.colcon_core.shell:Creating environment hook '/home/zhettus/ros2_ws/install/rosbot_utils/share/rosbot_utils/hook/pythonpath.sh'
[2.474s] Level 1:colcon.colcon_core.environment:checking '/home/zhettus/ros2_ws/install/rosbot_utils/bin'
[2.474s] Level 1:colcon.colcon_core.environment:create_environment_scripts_only(rosbot_utils)
[2.475s] INFO:colcon.colcon_core.shell:Creating package script '/home/zhettus/ros2_ws/install/rosbot_utils/share/rosbot_utils/package.ps1'
[2.476s] INFO:colcon.colcon_core.shell:Creating package descriptor '/home/zhettus/ros2_ws/install/rosbot_utils/share/rosbot_utils/package.dsv'
[2.478s] INFO:colcon.colcon_core.shell:Creating package script '/home/zhettus/ros2_ws/install/rosbot_utils/share/rosbot_utils/package.sh'
[2.480s] INFO:colcon.colcon_core.shell:Creating package script '/home/zhettus/ros2_ws/install/rosbot_utils/share/rosbot_utils/package.bash'
[2.480s] INFO:colcon.colcon_core.shell:Creating package script '/home/zhettus/ros2_ws/install/rosbot_utils/share/rosbot_utils/package.zsh'
[2.480s] Level 1:colcon.colcon_core.environment:create_file_with_runtime_dependencies(/home/zhettus/ros2_ws/install/rosbot_utils/share/colcon-core/packages/rosbot_utils)
[2.655s] Level 1:colcon.colcon_core.environment:checking '/home/zhettus/ros2_ws/install/rosbot_controller' for CMake module files
[2.655s] DEBUG:colcon.colcon_core.event_handler.log_command:Invoked command in '/home/zhettus/ros2_ws/src/rosbot_xl_ros/rosbot_controller' returned '0': CMAKE_PREFIX_PATH=/home/zhettus/ros2_ws/install/rosbot_description:/home/zhettus/rosbot_ws/install/rosbot_localization:/home/zhettus/rosbot_ws/install/rosbot_joy:/home/zhettus/rosbot_ws/install/rosbot_hardware_interfaces:/home/zhettus/rosbot_ws/install/rosbot_description:/home/zhettus/rosbot_ws/install/rosbot:/home/zhettus/rosbot_ws/install/husarion_gz_worlds:/home/zhettus/ros2_ws/install/tutorial_pkg:/home/zhettus/ros2_ws/install/test:/home/zhettus/ros2_ws/install/rosbot:/home/zhettus/ros2_ws/install/husarion_gz_worlds:/opt/ros/jazzy/opt/gz_sim_vendor:/opt/ros/jazzy/opt/gz_sensors_vendor:/opt/ros/jazzy/opt/gz_physics_vendor:/opt/ros/jazzy/opt/sdformat_vendor:/opt/ros/jazzy/opt/gz_gui_vendor:/opt/ros/jazzy/opt/gz_transport_vendor:/opt/ros/jazzy/opt/gz_rendering_vendor:/opt/ros/jazzy/opt/gz_plugin_vendor:/opt/ros/jazzy/opt/gz_fuel_tools_vendor:/opt/ros/jazzy/opt/gz_msgs_vendor:/opt/ros/jazzy/opt/gz_common_vendor:/opt/ros/jazzy/opt/gz_math_vendor:/opt/ros/jazzy/opt/gz_utils_vendor:/opt/ros/jazzy/opt/gz_tools_vendor:/opt/ros/jazzy/opt/gz_ogre_next_vendor:/opt/ros/jazzy/opt/gz_dartsim_vendor:/opt/ros/jazzy/opt/gz_cmake_vendor PYTHONPATH=/home/zhettus/ros2_ws/build/rosbot_controller/prefix_override:/usr/lib/python3/dist-packages/colcon_core/task/python/colcon_distutils_commands:/home/zhettus/ros2_ws/install/rosbot_controller/lib/python3.12/site-packages:${PYTHONPATH} /usr/bin/python3 -W ignore:setup.py install is deprecated -W ignore:easy_install command is deprecated setup.py egg_info --egg-base ../../../build/rosbot_controller build --build-base /home/zhettus/ros2_ws/build/rosbot_controller/build install --record /home/zhettus/ros2_ws/build/rosbot_controller/install.log --single-version-externally-managed install_data
[2.655s] Level 1:colcon.colcon_core.environment:checking '/home/zhettus/ros2_ws/install/rosbot_controller' for CMake config files
[2.656s] Level 1:colcon.colcon_core.environment:checking '/home/zhettus/ros2_ws/install/rosbot_controller/lib'
[2.656s] Level 1:colcon.colcon_core.environment:checking '/home/zhettus/ros2_ws/install/rosbot_controller/bin'
[2.656s] Level 1:colcon.colcon_core.environment:checking '/home/zhettus/ros2_ws/install/rosbot_controller/lib/pkgconfig/rosbot_controller.pc'
[2.656s] Level 1:colcon.colcon_core.environment:checking '/home/zhettus/ros2_ws/install/rosbot_controller/lib/python3.12/site-packages'
[2.656s] Level 1:colcon.colcon_core.shell:create_environment_hook('rosbot_controller', 'pythonpath')
[2.656s] INFO:colcon.colcon_core.shell:Creating environment hook '/home/zhettus/ros2_ws/install/rosbot_controller/share/rosbot_controller/hook/pythonpath.ps1'
[2.656s] INFO:colcon.colcon_core.shell:Creating environment descriptor '/home/zhettus/ros2_ws/install/rosbot_controller/share/rosbot_controller/hook/pythonpath.dsv'
[2.659s] INFO:colcon.colcon_core.shell:Creating environment hook '/home/zhettus/ros2_ws/install/rosbot_controller/share/rosbot_controller/hook/pythonpath.sh'
[2.659s] Level 1:colcon.colcon_core.environment:checking '/home/zhettus/ros2_ws/install/rosbot_controller/bin'
[2.659s] Level 1:colcon.colcon_core.environment:create_environment_scripts_only(rosbot_controller)
[2.659s] INFO:colcon.colcon_core.shell:Creating package script '/home/zhettus/ros2_ws/install/rosbot_controller/share/rosbot_controller/package.ps1'
[2.660s] INFO:colcon.colcon_core.shell:Creating package descriptor '/home/zhettus/ros2_ws/install/rosbot_controller/share/rosbot_controller/package.dsv'
[2.660s] INFO:colcon.colcon_core.shell:Creating package script '/home/zhettus/ros2_ws/install/rosbot_controller/share/rosbot_controller/package.sh'
[2.660s] INFO:colcon.colcon_core.shell:Creating package script '/home/zhettus/ros2_ws/install/rosbot_controller/share/rosbot_controller/package.bash'
[2.660s] INFO:colcon.colcon_core.shell:Creating package script '/home/zhettus/ros2_ws/install/rosbot_controller/share/rosbot_controller/package.zsh'
[2.661s] Level 1:colcon.colcon_core.environment:create_file_with_runtime_dependencies(/home/zhettus/ros2_ws/install/rosbot_controller/share/colcon-core/packages/rosbot_controller)
[2.661s] DEBUG:colcon.colcon_parallel_executor.executor.parallel:closing loop
[2.661s] DEBUG:colcon.colcon_parallel_executor.executor.parallel:loop closed
[2.661s] DEBUG:colcon.colcon_parallel_executor.executor.parallel:run_until_complete finished with '0'
[2.664s] DEBUG:colcon.colcon_core.event_reactor:joining thread
[2.675s] INFO:colcon.colcon_core.plugin_system:Skipping extension 'colcon_notification.desktop_notification.terminal_notifier': Not used on non-Darwin systems
[2.677s] INFO:colcon.colcon_core.plugin_system:Skipping extension 'colcon_notification.desktop_notification.win32': Not used on non-Windows systems
[2.677s] INFO:colcon.colcon_notification.desktop_notification:Sending desktop notification using 'notify2'
[2.685s] DEBUG:colcon.colcon_core.event_reactor:joined thread
[2.685s] INFO:colcon.colcon_core.shell:Creating prefix script '/home/zhettus/ros2_ws/install/local_setup.ps1'
[2.686s] INFO:colcon.colcon_core.shell:Creating prefix util module '/home/zhettus/ros2_ws/install/_local_setup_util_ps1.py'
[2.687s] INFO:colcon.colcon_core.shell:Creating prefix chain script '/home/zhettus/ros2_ws/install/setup.ps1'
[2.694s] INFO:colcon.colcon_core.shell:Creating prefix script '/home/zhettus/ros2_ws/install/local_setup.sh'
[2.696s] INFO:colcon.colcon_core.shell:Creating prefix util module '/home/zhettus/ros2_ws/install/_local_setup_util_sh.py'
[2.698s] INFO:colcon.colcon_core.shell:Creating prefix chain script '/home/zhettus/ros2_ws/install/setup.sh'
[2.699s] INFO:colcon.colcon_core.shell:Creating prefix script '/home/zhettus/ros2_ws/install/local_setup.bash'
[2.700s] INFO:colcon.colcon_core.shell:Creating prefix chain script '/home/zhettus/ros2_ws/install/setup.bash'
[2.702s] INFO:colcon.colcon_core.shell:Creating prefix script '/home/zhettus/ros2_ws/install/local_setup.zsh'
[2.703s] INFO:colcon.colcon_core.shell:Creating prefix chain script '/home/zhettus/ros2_ws/install/setup.zsh'
